商品ID,タイトル,紹介文,レーベル名,メーカー名,カテゴリ,価格,レーベル種別,出演者,公開開始日,商品URL
fellatiohunter-0001,すごい美人です！スケベな音を出しながらフェラチオ,"すごい美人です！綺麗と可愛いが共存して、とにかく美しい。いろんな芸能人にも見えてきます。形良いCカップのおっぱい。固めの乳首は指で弄りがいがあります。張りがあって柔らかいおっぱい。触ると思わず感じちゃってます。あぁ美人だ。でもチンポを咥えてる。根元まで丸呑み！チン先が喉奥にあたってます。気持ちいい。ジュボジュボとスケベな音を出しながらピストン。こちらの反応を確かめるようにじっと見つめます。緩急をつけながらのローリングピストン。チンポが口内の粘膜にぐるりと擦れて気持ち良すぎ！美しいフェラ顔で見つめられながら高速ピストン！我慢ができずに大量口内発射！口でイカせてちょっと満足気？あぁ可愛い。 ※本編顔出し",フェラチオハンター,フェラチオハンター,フェチ,500,PPV,,2021年08月26日,http://duga.jp/ppv/fellatiohunter-0001/
fellatiohunter-0002,小さい顔でディープピストン！保●園じゃ見せられない！,"小柄で可愛らしい娘。顔の小さい三つ編み娘です。小ぶりなおっぱい。ちょっと触っただけで勃起しちゃう敏感乳首です。深い！深い！時々いれてくるローリングスロートの変化球チンポの先から根元まで全部丸呑み！スピードアップするピストンの我慢ができず大量口内発射！こんなすごいフェラ、見た目じゃ想像できません。 ※本編顔出し",フェラチオハンター,フェラチオハンター,フェチ,500,PPV,,2021年08月26日,http://duga.jp/ppv/fellatiohunter-0002/
fellatiohunter-0003,個撮）色白もち肌可愛い娘！従順ピストンフェラ,"家出？今はマン喫で生活しているようです。両親心配してない？色白もち肌！どこを触っても、キメが細かくて柔らかいです。ジーっと見つめながらチンポを丁寧に舐めてくれます。程よいバキュームピストン。時々深いスロート。従順なピストンが確実に金玉を吊り上げる！我慢できずに大量口内発射。服○した子猫のようです。久しぶりフェラで緊張してましたが、チンポ好きのムッツリですこの娘。 ※本編顔出し",フェラチオハンター,フェラチオハンター,フェチ,500,PPV,,2021年08月26日,http://duga.jp/ppv/fellatiohunter-0003/
fellatiohunter-0004,チンポ好きのベジタリアン。ビックリ顔射！,"警戒心強めというか、めっちゃ緊張しています。色白で張りのあるおっぱい。コロコロ転がしやすい乳首です。たっぷりのヨダレで口の中ヌルヌルです。舌回し舐めピストンや先っちょ高速ピストン！飽きさせない奉仕っぷり。チンポに夢中になる彼女。最初からの変わりようにこちらも大興奮。我慢できずに大量口内発射のつもりが顔面に誤発射！「やべー」と焦りましたが、彼女は構わずお掃除フェラまでしてくれて一安心。むしろ顔射後イキイキしてません？久しぶりのたんぱく質はどうですか？あ、野菜でもとれるか。 ※本編顔出し",フェラチオハンター,フェラチオハンター,フェチ,500,PPV,,2021年08月26日,http://duga.jp/ppv/fellatiohunter-0004/
fellatiohunter-0005,ウブっ娘！恥ずかしフェラ。ねっとりディープスロート,"東北圏の女の子。色白いです。下着チェックと服の上からおっぱい触れました。チンポを見て恥ずかしがって、思わず顔をそむけちゃいます。それでもフェラが嫌いなわけではないようで男の表情を確認しながら丁寧に舐めてくれます。深い！根元まで丸呑みです。激しいピストンではないのに、口内とチンポがねっとりと絡みついて、確実に込み上げてきます。そのまま我慢ができずに大量口内発射恥ずかしいのに健気に頑張ってくれました。 ※本編顔出し",フェラチオハンター,フェラチオハンター,フェチ,500,PPV,,2021年08月26日,http://duga.jp/ppv/fellatiohunter-0005/
fellatiohunter-0006,【化粧品販売員さん】ハイクオリティ見つめてフェラチオ,"長めのボブヘアが素敵なお姉さん。ニットの上から触るおっぱいは興奮します。色白の肌が素晴らしい、超美乳です！柔らかさも感度も良好です！見てください！化粧品販売員さんのハイクオリティ見つめてフェラチオ！口内密着バキュームしながら、じっとこちらを見つめます。ネジる！ネジる！すごいローリングフェラ！ローリングバキュームのスゴ技で我慢できずに大量口内発射！精子まみれのお顔も美しいです。 ※本編顔出し",フェラチオハンター,フェラチオハンター,フェチ,500,PPV,,2021年08月26日,http://duga.jp/ppv/fellatiohunter-0006/
fellatiohunter-0007,個撮）おっとり系巨乳お姉さん。粘着質なエロすぎフェラ,"お淑やか容姿からは想像できない、迫力の美巨乳です！キメが細かい色白の肌と重量級美巨乳！幸せな重さと柔らかさ。永遠と揉んでいたい。ねっとりと優しく、柔らかいタッチがとてもエロいです。チンポを根元までフワァと包み込んでくれます。絶妙なバキュームとピストンで確実に盛り上がり！我慢ができずに大量口内発射！優しくてドスケベ。見た目からは想像できませんでした。 ※本編顔出し",フェラチオハンター,フェラチオハンター,フェチ,500,PPV,,2021年08月26日,http://duga.jp/ppv/fellatiohunter-0007/
fellatiohunter-0008,個撮）ムッチリお嬢様「ジュボジュボ」音出し従順フェラ,"音○生のムッチリお嬢様。可愛らしい下着です。勃起した乳首は感度良好！「ジュボジュボ」とエロい音を出したフェラチオです。根元までズッポリ丸呑み！気持ち良くなって欲しいという従順さが伺えます。ピンポイントな亀頭ピストンで我慢ができず大量口内発射！フェラでイカせて満足げ！？な表情が可愛らしかったです。 ※本編顔出し",フェラチオハンター,フェラチオハンター,フェチ,500,PPV,,2021年08月26日,http://duga.jp/ppv/fellatiohunter-0008/
fellatiohunter-0009,個撮）胸キュン【見つめてピストン】車中フェラ,"車内で緊張中。ワンピースを上にあげて綺麗なおっぱいを見せてくれます。こちらの反応をじっと見つめてピストンフェラ根元までガボっと丸呑み、口内で舌を絡ませてきます。可愛いフェラ顔に興奮マックス大量発射！見つめる瞳が可愛すぎて大興奮でした。 ※本編顔出し",フェラチオハンター,フェラチオハンター,フェチ,500,PPV,,2021年08月26日,http://duga.jp/ppv/fellatiohunter-0009/
fellatiohunter-0010,個撮）美巨乳ママ【ぽってり唇】柔らかフェラ,"色白美人ママ。脱いだら美しいおっぱいでした。手に吸い付くキメの細かい肌と柔らかいおっぱいを揉みまくり！こちら反応を伺いながら、やさしく丁寧なピストンフェラです。程よいバキュームで根元までズッポリ！決して早くないピストンでも、口内でチンポがねっとりと絡まって気持ち良すぎです。我慢ができずに大量口内発射！フェラチオから、優しさとエロさが伝わりました。 ※本編顔出し",フェラチオハンター,フェラチオハンター,フェチ,500,PPV,,2021年08月26日,http://duga.jp/ppv/fellatiohunter-0010/
fellatiohunter-0011,個撮）「上手いよ頑張って！」ウブっ娘の全力フェラ！,"透明感のある可愛い女の子です。白い下着も眩しい！おっぱいを触ると、感度の良い乳首が勃起しています。間違いなくチンポに慣れてない様子。ウブっ娘です。気持ちよくなってもらおうと頑張ってフェラしています。柔らかく、ネットリ唾液の口内。そして全力ピストン！健気な姿に大興奮、そのまま口内発射！いいリアクションです。一生懸命頑張ってくれました。 ※本編顔出し",フェラチオハンター,フェラチオハンター,フェチ,500,PPV,,2021年08月26日,http://duga.jp/ppv/fellatiohunter-0011/
fellatiohunter-0012,バキュームピストン！お姉さんのギャップ萌えフェラ,"色白な綺麗なお姉さん。美しいおっぱいも期待を裏切りません。柔らかく張りがあるおっぱい。感度も良好です。じっと見つめながらフェラチオしてくれます。「ジュボジュボ」音を立てたバキュームピストン！程よいバキューム！頬のくぼみがエロいです。確実なフェラテクで我慢なんてできません！そのまま大量口内発射！想定外の量だったのかちょっと嘔吐いてます（笑）こんな美人さんが、極上フェラなんて反則ですね。 ※本編顔出し",フェラチオハンター,フェラチオハンター,フェチ,500,PPV,,2021年08月26日,http://duga.jp/ppv/fellatiohunter-0012/
fellatiohunter-0013,個撮）美巨乳セレブ妻のねっとり高級ピストンフェラ,"セレブ感漂う美人妻です。服をぬいでもらうと最高級の美巨乳でした。ピンク色の綺麗な乳首。柔らかなおっぱい美しいお顔で献身的なフェラチオです。舐めても、咥えても美しくエロいです。のど奥までディープピストン。時折みせる苦しそうな表情がたまりません。加速するピストンに我慢ができず大量口内発射！最後の一滴まで吸い取ってもらいました。 ※本編顔出し",フェラチオハンター,フェラチオハンター,フェチ,500,PPV,,2021年08月26日,http://duga.jp/ppv/fellatiohunter-0013/
fellatiohunter-0014,「チンポ大好き！」が伝わります。エロすぎ愛でるフェラ,"恥ずかしそうに服を脱ぐと、もち肌の美乳でした。おっぱい超敏感リアクション！嬉しそうに乳首舐め。ジュボー！っとチンポを丸呑み。リズミカルのピストン。いやらしいフェラ音が響きます。加速するピストンに我慢ができずに大量発射！イカせて満足気な表情がたまりません。 ※本編顔出し",フェラチオハンター,フェラチオハンター,フェチ,500,PPV,,2021年08月26日,http://duga.jp/ppv/fellatiohunter-0014/
fellatiohunter-0015,激カワ！【美巨乳】じーっと見つめてフェラするお嬢様。,"上品なお嬢様。服を脱ぎおっぱいを見せてもらうと驚きの美巨乳でした！乳輪大きめの薄茶色乳首！柔らかなおっぱいは揉みごたえ十分！こんな可愛いお顔で見つめられて、こっちが恥ずかしくなっちゃいます。「カチャカチャ」と独特なフェラ音とピストン。喉奥に亀頭をぶつけるピストン技！我慢ができず大量口内発射！お嬢様のフェラ技を堪能させていただきました。 ※本編顔出し",フェラチオハンター,フェラチオハンター,フェチ,500,PPV,,2021年08月26日,http://duga.jp/ppv/fellatiohunter-0015/
fellatiohunter-0016,キャンギャル美人【超技】ジュボピストン！,"さすがモデル！抜群のスタイルです。おっぱいも感度良好！美しいお顔！クールにいやらしく責めてきます。口内とチンポのフィット感がすばらしい！濃厚唾液の口内が気持ち良すぎです！程よいバキュームに加速するピストン。我慢ができずに大量口内発射！こんなに美人でフェラチオも上手いなんて幸せ過ぎでした。 ※本編顔出し",フェラチオハンター,フェラチオハンター,フェチ,500,PPV,,2021年08月26日,http://duga.jp/ppv/fellatiohunter-0016/
fellatiohunter-0017,すっぴん美人【頬ヘコませ】粘っこいピストンフェラ,"飾り気のない素朴なお姉さん。でも間違いなく美人です。服を脱いでもらうと色白な綺麗な身体をしていました。じーっと見つめて、ネットリといやらしいフェラチオです。根元までズッポリ咥えます！舌をチンポに絡ませる淫舌テクニック！予想外のテクニックに我慢ができずに大量口内発射！ ※本編顔出し",フェラチオハンター,フェラチオハンター,フェチ,500,PPV,,2021年08月29日,http://duga.jp/ppv/fellatiohunter-0017/
fellatiohunter-0018,個撮）可愛い顔してえげつない！亀頭責めピストンフェラ,"ワンピースをめくり上げると、色白微乳が可愛らしいです。べローンと長い舌！見つめて乳首舐め。小刻みに亀頭責めピストン。時々ディープスロート小顔でもしっかりチンポを丸呑み！舌を絡める淫舌テクニック執拗な亀頭責めピストンに我慢ができず大量発射！ ※本編顔出し",フェラチオハンター,フェラチオハンター,フェチ,500,PPV,,2021年09月05日,http://duga.jp/ppv/fellatiohunter-0018/
fellatiohunter-0019,個撮）素朴な小っさい可愛い娘【純真】まごころフェラ,"思春期系！小っこくて可愛らしい女の子。意外とムッチリといやらしい身体をしています。チンポを目の前にすると大人びた表情にまごころ込めてズッポリ！フェラチオしてくれます。様々テクニック！こんなことも出来ちゃうの？我慢できずに大量口内発射！意外なエロフェラに大興奮でした。 ※本編顔出し",フェラチオハンター,フェラチオハンター,フェチ,500,PPV,,2021年09月12日,http://duga.jp/ppv/fellatiohunter-0019/
fellatiohunter-0020,休日の美巨乳お姉さん。オフでも本気のピストンフェラ,"パジャマですかね？綺麗なお姉さんのオフな姿は可愛らしいです。色白美巨乳！おっぱい柔らかすぎ！乳首舐めからスイッチオン！いきなりエロくなってます。舌を絡ませたピストンフェラ気持ちいい所をピンポイント責め！容赦のないピストンフェラで大量口内発射！普段の仕事のストレスですかね？スケベにはじけてました。 ※本編顔出し",フェラチオハンター,フェラチオハンター,フェチ,500,PPV,,2021年09月19日,http://duga.jp/ppv/fellatiohunter-0020/
fellatiohunter-0021,小さい顔でチンポ丸呑みピストンフェラ,"無邪気で華奢な女の子。ツーんとしてるのに可愛い笑顔が愛らしい。じっと見つめてチンポ弄り。こんな小さい顔でどこまでチンポを飲み込むんだ？チンポの先が喉奥に当たってます！そのまま大量口内発射！イカせて満足気な表情！可愛い！無邪気で生意気でフェラが上手くて、とても可愛い娘でした。 ※本編顔出し",フェラチオハンター,フェラチオハンター,フェチ,500,PPV,,2021年09月26日,http://duga.jp/ppv/fellatiohunter-0021/
fellatiohunter-0022,可愛いからってサボりません！ピストン奉仕フェラ,"すごい綺麗な女の子。予想よりもエグめなエロい乳首とおっぱいです。見つめても、フェラ顔も本当に綺麗なお顔立ちねっとりチンポを舐め上げ、味わいながら程よいバキュームフェラ頬をへこませリズミカルなピストン！我慢ができずに大量口内発射！大量の精子を口で受け止めてくれました。フェラチオ好きの美人だなんて最高ですね。 ※本編顔出し",フェラチオハンター,フェラチオハンター,フェチ,500,PPV,,2021年10月03日,http://duga.jp/ppv/fellatiohunter-0022/
fellatiohunter-0023,恥ずかしいけどチンポ大好き【大量口内発射】,"恥ずかしすぎて動揺してます。服を脱いだら色白もち肌です。張りのある柔らかいおっぱい。感度も良好でピクついてます。可愛い顔でじーっと見つめて乳首舐めチンポを咥えて嬉しそう。一生懸命フェラしてくれます。できる限りのディープスロート。従順です。そのまま大量口内発射！濃厚なザーメンを眺めながら嬉しそうな表情が可愛らしいです。",フェラチオハンター,フェラチオハンター,フェチ,500,PPV,,2021年10月10日,http://duga.jp/ppv/fellatiohunter-0023/
fellatiohunter-0024,彼氏のしかフェラチオしたことないのに【大量口内発射】,色白の女の子。キメの細かい肌と綺麗なおっぱい。色素が薄くて、瞳も少し茶色いです。初対面の男のフェラオ。なぜだかちょっと嬉しそう。一生懸命フェラチオ頑張ってます！大きい舌が気持ちよくてそのまま大量口内発射！無事イカせることができてホッとしてます。,フェラチオハンター,フェラチオハンター,フェチ,500,PPV,,2021年10月17日,http://duga.jp/ppv/fellatiohunter-0024/
fellatiohunter-0025,エロお姉さん！【口内発射＆顔射】想定外の連続発射！,色白美人のお姉さん。おっぱいも柔らかくて感度良好です。反応を確かめながら、ねっとり責めてきます。ネバネバの口内が気持ち良すぎ！喉奥までディープピストンピストンフェラのお口にそのまま口内発射！その後のお掃除フェラが気持ち良すぎて、そのまま連続発射！すべてのザーメンを絞りとられました。,フェラチオハンター,フェラチオハンター,フェチ,500,PPV,,2021年10月24日,http://duga.jp/ppv/fellatiohunter-0025/
fellatiohunter-0026,美人妻【強欲丸出し】チンポ丸呑みザーメン絞り,色気ムンムンのスケベな身体しています。こんな綺麗な奥さんがチンポ舐めたくて仕方がない！バキュームフェラ顔がエロい！粘っこい舌がチンポに絡みつきます。濃厚ザーメンを全部受け止めて大満足。お掃除フェラでザーメン絞りとり！かなり強欲なフェラチオでした。,フェラチオハンター,フェラチオハンター,フェチ,500,PPV,,2021年10月31日,http://duga.jp/ppv/fellatiohunter-0026/
fellatiohunter-0027,本性丸出し！ザーメン飲み干すチンポ好きのドスケベ女！,色白で優しい雰囲気のお姉さん。柔らかい美巨乳です。ぷっくりデカ乳輪がなんともエロい！思う存分おっぱい揉みまくりじーっと見つめて美味しそうにチンポをしゃぶります。ローリングするディープピストンは本当に気持ちがいいです。頬をへこませバキュームピストン！大量口内発射！ザーメン飲んでうれしいそう。うーん可愛いのにエロいなぁ。,フェラチオハンター,フェラチオハンター,フェチ,500,PPV,,2021年11月07日,http://duga.jp/ppv/fellatiohunter-0027/
fellatiohunter-0028,フェラチオすると笑顔に！ザーメンおねだり女子●生,"知的な女子○生。可愛らしいおっぱいの膨らみ、男の身体にくっついて、甘え上手の弄り上手です。美味しそうにチンポを咥えて、思わず笑顔がでちゃう。奥までガッツリ！気持ち良すぎるピストンフェラ我慢ができずに口内発射！大量のザーメンを全部飲んでくれました。濃厚なザーメンを眺めながら嬉しそうな表情が可愛らしいです。",フェラチオハンター,フェラチオハンター,フェチ,500,PPV,,2021年11月14日,http://duga.jp/ppv/fellatiohunter-0028/
fellatiohunter-0029,欲求不満の人妻【超技スロート】ずっと咥えていたい,"色白ムッチリな美人妻です。柔らかいおっぱい！感度も良好。今まで培ったフェラテクを十分に披露してくれます。喉奥までチンポを丸呑み！ねっとり裏スジ責め！気持ち過ぎ！我慢できず大量口内発射！そのままごっくん！エロすぎです。",フェラチオハンター,フェラチオハンター,フェチ,500,PPV,,2021年11月21日,http://duga.jp/ppv/fellatiohunter-0029/
fellatiohunter-0030,【バキュームフェラ】美人の顔が歪むほどの吸引力,"すごい綺麗なお姉さんのスケベなおっぱいと乳首。乳首を舐める顔が美人すぎ！顔が歪んじゃうぐらいの吸引力！強力なバキュームフェラ。ドッキリ口内発射でちょっとびっくりな表情。最後の一滴まで搾り取り！高速バキュームピストンは本当に気持ちよかったです。",フェラチオハンター,フェラチオハンター,フェチ,500,PPV,,2021年11月28日,http://duga.jp/ppv/fellatiohunter-0030/
fellatiohunter-0031,フェラ顔見られるの恥ずかしい【ネットリ吸着】ごっくん,純朴な雰囲気の女のコ。ニット越しに触るおっぱいは興奮します。可愛らしいけど、頑固な陥没乳首！完全陥没らしく乳首が勃起したことがないそうです。可愛くてエロいフェラ顔がたまりません。ねっとり吸着！ディープスロート！大量口内発射！頼んでないのに、うれしそうにごっくん。,フェラチオハンター,フェラチオハンター,フェチ,500,PPV,,2021年12月05日,http://duga.jp/ppv/fellatiohunter-0031/
fellatiohunter-0032,【ベロ長】変態女のフェラチオ絶技【舌発射】,細いカラダに【たるんたるん爆乳】がエロすぎるー！極上の柔らかさと至福の重み。長くてエロい舌です。周りを舐めて焦らされて「あぁ早くチンポを舐めて欲しい」頬をすぼめたバキュームフェラ！口内では舌がチンポに絡みつきます。舌の上にザーメンおねだり。大量舌上発射！ベロ長で爆乳！エロポテンシャル高すぎです！,フェラチオハンター,フェラチオハンター,フェチ,500,PPV,,2021年12月12日,http://duga.jp/ppv/fellatiohunter-0032/
fellatiohunter-0033,ウブなのにフェラが上手くて容赦なく口内発射！,"瞳を潤ませて超可愛い！青さがみなぎってます。微乳コンプレックス！わずかな膨らみをありがたく楽しみます。柔らかい口の中。献身的なピストンフェラです見つめられながらそのまま大量口内発射！精子が顔についた表情。少し大人になりました。",フェラチオハンター,フェラチオハンター,フェチ,500,PPV,,2021年12月19日,http://duga.jp/ppv/fellatiohunter-0033/
fellatiohunter-0034,溢れ出すヨダレローションフェラ【どっきり口内発射】,かなり緊張してます。恥ずかしさを笑いで誤魔化してます。責めだしたらスイッチオン！スケベな視線で見つめてきます。とにかくすごい唾液の量！唾液がにじみ出てくるのがチンポ越しに伝わります。唾液まみれのチンポ！ヌルヌルが気持ち良すぎてそのまま口内発射！いきなりの発射に驚いたのか思わずむせちゃってます。それでもイカすことが出来てうれしそうでした。,フェラチオハンター,フェラチオハンター,フェチ,500,PPV,,2021年12月26日,http://duga.jp/ppv/fellatiohunter-0034/
fellatiohunter-0035,文学系お姉さんの密着フェラ【生ザーメンごっくん】,地味だけど知的で美人なお姉さんです。色白で柔らかいおっぱい。じーっと見つめて「気持ちいいですか？」と献身的なフェラチオです。喉奥ピストンでうっとりするフェラ顔。そのまま大量口内発射！生ザーメンごっくん！ねっとりと密着型のエロいフェラでした。,フェラチオハンター,フェラチオハンター,フェチ,500,PPV,,2022年01月02日,http://duga.jp/ppv/fellatiohunter-0035/
fellatiohunter-0036,チンポを見ながら発情！デカベロ絡ませネットリフェラ,形の良いおっぱい。乳首が固く勃起しています。舐める前から「はぁはぁ」と吐息を漏らして発情中。口をつむってハニカム姿が可愛らしいです。大きい舌で乳首を舐めるのはかなりエロいです。よく動く舌にも注目！乳首舐めをしながら反対の乳首も弄っちゃう女の子はエロい証拠！可愛い顔が溶けてしまうほど吸引力！大きい舌でチンポを味わってます。肉厚舌でネットリ裏筋責め！からの、喉奥までズッポリ！金玉フェラなんてなかなかしないですよね？ほんとエロい女の子です。程よいバキュームの口内密着ピストンフェラで大量口内発射！その後、当然のようにするお掃除フェラで精子を全部舐めとります大人そうなのに実は大胆でエロい女の子でした。,フェラチオハンター,フェラチオハンター,フェチ,500,PPV,,2022年01月09日,http://duga.jp/ppv/fellatiohunter-0036/
fellatiohunter-0037,【爬虫類的】ネットリ亀頭責めフェラ,色がめっちゃ白いです。透きとおるような肌。揉まれて、思わず恥ずかし笑い。素の出る瞬間です。思った通り！白い肌にピンク色の乳首。そしてお尻はむっちりボリューミー。舌先をチロチロと押し付けて乳首舐め。「スロートの最後、唇の感触が亀頭に伝わるうれしい余韻」程よい吸い込みのバキュームフェラ。亀頭に集中ピストンフェラで大量口内発射！目を見開いて精子を全部、喉奥で受け止めてくれます。一見クールな雰囲気ですが、実は恥ずかしがりやで優しい女性でした。,フェラチオハンター,フェラチオハンター,フェチ,500,PPV,,2022年01月16日,http://duga.jp/ppv/fellatiohunter-0037/
fellatiohunter-0038,個撮）ちょっと怖い？爆乳お姉さん。,"服の上から気付いていましたが、まさかこれほどの爆乳とは！この迫力！この柔力！思う存分揉みまくり！幸せすぎる！ちょっと怒っているようで、内心ビビッていました。が！勃起チンポを見るや、とても優しくエロい表情に！こちらの反応を見ながらフェラしてくれます。その優しさに甘えて、黙ってビックリ口内発射！驚きつつも全部のザーメンを受け止めてくれました。",フェラチオハンター,フェラチオハンター,フェチ,500,PPV,,2022年01月23日,http://duga.jp/ppv/fellatiohunter-0038/
fellatiohunter-0039,個撮）仲良し女子大●生！初めての恥ずかしダブルフェラ,"バイト先も一緒の仲良し二人組です。画像温泉は一緒に入ったことはあるそうです。じっくりと揉み比べ。画像おっぱいの大きさも、乳首の形も対照的で興奮します。友達のするフェラはどうですか？大きな舌で唾液たっぷり舐めまわし、適度なバキュームを咥えたローリングピストン。本気でイカしにかかる二人。激しいバキュームピストンと玉舐めのダブル責めで我慢ができず大量口内発射！口から出る精子をじっと見つめるお友達。なぜか味見しています（笑）二人の仲の良さがフェラチオを通じて伝わりました。 ※本編顔出し",フェラチオハンター,フェラチオハンター,フェチ,500,PPV,,2022年01月30日,http://duga.jp/ppv/fellatiohunter-0039/
fellatiohunter-0040,個撮）ねっとりバキュームピストンママ友ダブルフェラ！,"保○園が一緒のママ友さんです。恥ずかし下着チェック。陥没乳首発見！二人のおっぱいを揉みくらべ。敏感に感じています。初めてのお友達のフェラ、気まずいですけどちゃんと見てくださいね。二人の舌が亀頭に絡みつきます。乳首舐めフェラ！次第に積極的になってきました。ねっとりとしたバキュームピストンを交互にされて、我慢ができずに大量口内発射！すいませんお口に発射しちゃいました…。発射後の二人の表情がなんとも良かったです。 ※本編顔出し",フェラチオハンター,フェラチオハンター,フェチ,500,PPV,,2022年02月06日,http://duga.jp/ppv/fellatiohunter-0040/
fellatiohunter-0041,エロすぎです！【スゴ技】上手すぎダブルフェラ！,"ムンムンの色気に飲み込まれそうです。おっぱい揉み比べ。二人とも敏感に反応しています。前のめりにチンポを咥える二人。反応を楽しみながらフェラチオする二人は息がぴったりです。二人ともフェラチオ上手すぎです！フェラテクの相乗効果で超快楽！大量口内発射！エロすぎです。魂抜かれます。 ※本編顔出し",フェラチオハンター,フェラチオハンター,フェチ,500,PPV,,2022年02月13日,http://duga.jp/ppv/fellatiohunter-0041/
fellatiohunter-0042,個撮）美人奥様【ママ友】の情熱フェラと従順フェラ,"シックな装いの大人の女性二人です。程よく熟れたカラダがいやらしいです。お互い初めて見るフェラチオはどうですか？従順ピストンと情熱チンポ舐めまわし！タイプの違うフェラを同時に堪能金玉と亀頭の同時責めで我慢が出来ず大量口内発射！どちらもチンポ好きが伝わりました。大人そうなのに実は大胆でエロい女の子でした。 ※本編顔出し",フェラチオハンター,フェラチオハンター,フェチ,500,PPV,,2022年02月20日,http://duga.jp/ppv/fellatiohunter-0042/
fellatiohunter-0043,個撮）成城マダム【興味深々】初めてのダブルフェラ,"上品な奥様二人。スタイル抜群！色気もムンムンです。気まずくて恥ずかしいけどお友達のフェラに興味津々！初めての共同作業。だんだん盛り上がってまいりました。チンポ好きの本性でちゃってます。二人の淫舌テクニックに我慢ができずに大量口内発射！上品な奥様のエロいチンコ舐めギャップに大興奮でした。 ※本編顔出し",フェラチオハンター,フェラチオハンター,フェチ,500,PPV,,2022年02月27日,http://duga.jp/ppv/fellatiohunter-0043/
fellatiohunter-0044,個撮）ネットリ濃厚フェラがエロすぎる！【口内発射】,本当に美人です！そして極上の柔乳！乳輪の大きさがまたエロい！男の気持ちいい所を知り尽くしたドスケベ女神。チンポに舌をからめてディープスロート。全く抵抗することもできず大量口内発射！参りました。気持ち良すぎでした。,フェラチオハンター,フェラチオハンター,フェチ,500,PPV,,2022年03月06日,http://duga.jp/ppv/fellatiohunter-0044/
fellatiohunter-0045,個撮）密着吸引！気持ち良すぎるディープスロート！,"色白もち肌美人です！キメの細かい肌に柔らかいおっぱいおとなしそうな顔して、実は貪欲に責めてきます。正面からでもわかるチンポ丸のみピストン！ねっとりディープスロートが気持ち良すぎ！イクまで止めない連続ピストンで大量口内発射！フェラチオの才能がスゴイです。",フェラチオハンター,フェラチオハンター,フェチ,500,PPV,,2022年03月13日,http://duga.jp/ppv/fellatiohunter-0045/
fellatiohunter-0046,個撮）長いベロが絡みつく！ジュボ音ピストンフェラ,ムッチリしたカラダがエロいお姉さん。エロい視線でネットリと責めます。長いベロがチンポに絡みつく！裏筋責めが気持ち良すぎです！室内に響く「ジュボ」音。丸呑みピストンフェラ容赦ない責めに我慢ができず大量口内発射！,フェラチオハンター,フェラチオハンター,フェチ,500,PPV,,2022年03月20日,http://duga.jp/ppv/fellatiohunter-0046/
fellatiohunter-0047,個撮）舌絡める濃厚唾液フェラチオ【口内発射】,色白できめの細かい肌は触り心地抜群！長い舌で丁寧に愛撫。ヨダレが口から溢れちゃってます。程よいバキュームのディープスロート。気持ちいいツボをピンポイントで責める。ピストンでそのまま口内発射！優しくて丁寧な気持ちいいフェラチオでした。,フェラチオハンター,フェラチオハンター,フェチ,500,PPV,,2022年03月27日,http://duga.jp/ppv/fellatiohunter-0047/
fellatiohunter-0048,個撮）驚愕のバキュームスロートフェラ【口内発射】,脱いでビックリ！完璧な美巨乳です。張りがあるのになんて柔らかい揉み心地こちらの反応を確かめながら、まずはじっくり責めます。小さいお顔で超吸引！バキューム顔がエロいです。バキュームしながら丸のみスロート舌をチンポに絡ませながらのバキュームピストン！凄いテクニックです。口から溢れんばかりの大量口内発射！イカせた後の、素の笑顔がとても可愛かったです。,フェラチオハンター,フェラチオハンター,フェチ,500,PPV,,2022年04月03日,http://duga.jp/ppv/fellatiohunter-0048/
fellatiohunter-0049,個撮）奉仕的彼女のフェラチオ【口内発射】,ニットセーター越しのおっぱいの膨らみがエロい！感度良好な女の子。大きめの喘ぎ声が出ちゃってます。こちらの反応を確かめながら、まずはじっくり責めます。舌を細かく動かして乳首責め。そして乳首責めと同じく細かい舌の動きで裏筋責めピストン音とバキューム音が響き渡ります。「気持ち良くなってもらいたい」という奉仕的な眼差しにトキメキながらそのまま大量口内発射！一見クールに見えましたが、チンポ好きの優しい女の子でした。,フェラチオハンター,フェラチオハンター,フェチ,500,PPV,,2022年04月10日,http://duga.jp/ppv/fellatiohunter-0049/
fellatiohunter-0050,個撮）【おねだり顔射】ショートカット巨乳美女,服の上からでもわかるスケベな巨パイ。またなんともエロいおっぱい。柔らかくて重量感たっぷり。嬉しそうにチンポを咥えます。頬をすぼめて一生懸命フェラしてくれます。顔に欲しがる彼女に大量顔射！出会ってすぐの男に顔射されて喜ぶ彼女は相当変態です。今から外出ますけど大丈夫ですか？顔面ザーメンまみれですよ。,フェラチオハンター,フェラチオハンター,フェチ,500,PPV,,2022年04月17日,http://duga.jp/ppv/fellatiohunter-0050/
fellatiohunter-0051,個撮）唇がチンポにまとわりつく密着バキュームフェラ,スレンダーな身体にGカップの完璧なおっぱいが美しすぎる！ネットリとこちらの反応を確かめながら責めてきます。唇がチンポにまとわりつく粘っこいフェラチオです。気持ちいい所を確実に責めるピストンで大量口内発射！トップクラスの密着度のフェラは最高気持ちよかったです。,フェラチオハンター,フェラチオハンター,フェチ,500,PPV,,2022年04月24日,http://duga.jp/ppv/fellatiohunter-0051/
fellatiohunter-0052,個撮）美人すぎる熱視線！ディープピストンフェラ,ぽってり唇がなんともセクシーです！ハリのあるおっぱいとボリューミーなお尻がすばらしいスゴイ美人のお姉さん。見つめられるだけでタジタジ。見つめながらネットリ濃厚フェラチオ程よいバキュームと、濃厚唾液のネバネバ口内が気持ち良すぎ！たまらず大量口内発射！こんな美人なお姉さんに見つめて責められたら誰だって我慢できません！,フェラチオハンター,フェラチオハンター,フェチ,500,PPV,,2022年05月01日,http://duga.jp/ppv/fellatiohunter-0052/
fellatiohunter-0053,個撮）綺麗なお姉さんの大胆フェラ技,"街で見かけたら必ず振り返っちゃう、すごく綺麗なお姉さん。スレンダーなのにおっぱいは意外と大きいです。男のカラダに触りたくて仕方がない！可愛いのになんともエロい表情です。大きな瞳で見つめてノーハンドピストン！亀頭責めピストンからのネットリディープスロート舌がチンポに絡みつく！エロすぎるフェラ横顔ノーハンドピストンでそのまま大量口内発射！ほぼノーハンドピストンなので綺麗なお姉さんのピストンテクニックが楽しめると思います。",フェラチオハンター,フェラチオハンター,フェチ,500,PPV,,2022年05月08日,http://duga.jp/ppv/fellatiohunter-0053/
fellatiohunter-0054,個撮）献身的ノーハンドピストンフェラ【大量口内発射】,色白で肌のキメが細かい女子。ピンと突き出た乳首も感度良好です。むっちりな下半身がそそります。密着バキュームで見つめてフェラチオ。基本深めのピストンを続けて頑張ってます。本当に気持ちがいいです。大量口内発射のリアクション！精子は苦手ですか？でもしっかりお掃除フェラをしてもらいました。なんともムッツリなエロオーラが出てる女の子でした。,フェラチオハンター,フェラチオハンター,フェチ,500,PPV,,2022年05月15日,http://duga.jp/ppv/fellatiohunter-0054/
fellatiohunter-0055,個撮）濃厚バキュームピストンフェラ【大量口内発射】,スタイル抜群！ウエストのくびれが美しくてエロいです。無邪気で可愛い女の子にじっと見つめられて、舐められて。至福の時間の始まりです。密着バキューム！時々ディープスロート。フェラ顔がエロいです。可愛い顔して激しいピストン！我慢ができず大量口内発射！無邪気な彼女のエロいフェラ技を是非見てください。,フェラチオハンター,フェラチオハンター,フェチ,500,PPV,,2022年05月22日,http://duga.jp/ppv/fellatiohunter-0055/
fellatiohunter-0056,個撮）最後の高速ノーハンドピストンフェラが凄い,エロいブラ透け！これで街を歩いていたら男の視線がすごくないですか？色白で柔らかいおっぱい。大きい乳輪がそそります。おっとり癒し系なのに、フェラはネットリ積極的です。正面でも横からでもわかるディープスロートねえぇぇぇとりと裏筋舐めスイッチの入った彼女の高速ノーハンドピストンフェラで我慢できる男なんていません！※高速ノーハンドピストンが凄いのは射精直前の時だけですがエロいです。是非お楽しみください。,フェラチオハンター,フェラチオハンター,フェチ,500,PPV,,2022年05月29日,http://duga.jp/ppv/fellatiohunter-0056/
fellatiohunter-0057,個撮）純粋な瞳で見つめて超エロすぎるフェラチオ,色白美人！浮いた肋骨にチッパイがそそります。陥没気味乳首もちょっと触ればビンビン勃起乳首！純粋な瞳でじっと見つめて責めてくれます。舐め顔も本当に可愛らしいです。正面でも横からでもわかる超エロいディープスロート！ただ呑みこむだけじゃない本当に気持ちがいいフェラです。スピードアップ！熱の入ったバキュームピストン！喉奥直撃！大量口内発射！リアクションも可愛らしいです。最後はお掃除フェラまでしてもらって。最高な時間でした。,フェラチオハンター,フェラチオハンター,フェチ,500,PPV,,2022年06月05日,http://duga.jp/ppv/fellatiohunter-0057/
fellatiohunter-0058,個撮）癒し系お姉さんのねっとりピストンフェラ,"清楚な雰囲気なお姉さん。緊張しながらも服を脱いでくれます。男のカラダを舐めはじめると、表情がイキイキとエロくなってきました。「チンポを気持ちよくしてあげたい！」そんな思いが伝わる熱いフェラです！喉奥ピストンは当たり前！射精のために一心不乱！ねっとりピストンで見つめられながら、そのまま大量口内発射！「フェラして輝く！」清楚なお姉さんはかなりのチンポ好きでした。",フェラチオハンター,フェラチオハンター,フェチ,500,PPV,,2022年06月12日,http://duga.jp/ppv/fellatiohunter-0058/
fellatiohunter-0059,個撮）自然と滲み出るエロすぎるフェラチオ【口内発射】,"高級かつ上品な洗練された女性です。キメ細かい肌、張りのあるおっぱい。感じる吐息が色気たっぷりです。乳首舐めがはじめるとスイッチオン！見つめながら丁寧にいやらしく舐めます。勃起したチンポを嬉しそうに眺めながら金玉を吸い込んだり、裏筋キスしたり。なかなか咥えてくれません「あぁ早くパクっとして欲しい」程よいバキュームで濃厚まったりフェラ。上手すぎる！至福の時間です。チンポを舌でからませてディープスロート！エロいです。エズきながらも喉奥までチンポを呑みこみます。彼女のM気が垣間見えます。ノーハンドフェラでバキュームピストン！玉を揉みしだかれ、一滴残らずザーメンを吸い取ります。口内発射でますます艶っぽくなる表情。かなりエロい女性でした！独特の雰囲気となかなか体験できないフェラ技。彼女のエロさが終始楽しめると思います。",フェラチオハンター,フェラチオハンター,フェチ,500,PPV,,2022年06月19日,http://duga.jp/ppv/fellatiohunter-0059/
fellatiohunter-0060,個撮）喉奥ピストンがエロすぎた【口内発射】,女オタクだという彼女。生身の男に対してどんなフェラをするのか楽しみで仕方がありません。色素濃いめエロ乳首。おっぱいは張りのある柔らかさ！「フェラ久しぶり」なんて嘘でしょ？何ですかそのフェラ技はねっとりチンポ舐めからの丸飲みディープスロート！ヨダレを垂らしながら喉奥ピストン！喉奥ピストンなんてなかなかデキません！圧巻のフェラ技！ヨダレの粘度が映像でわかると思います！喉奥ピストンでそのまま口内発射！女オタク侮るなかれ。オタッキーなエロ技はスゴイですよ！,フェラチオハンター,フェラチオハンター,フェチ,500,PPV,,2022年06月26日,http://duga.jp/ppv/fellatiohunter-0060/
fellatiohunter-0061,個撮）ねっとりディープピストンフェラ【口内発射】,スタイル抜群！ハリのある美しいおっぱいです。柔らかいおっぱいと肉感たっぷりのお尻がたまりません。じっと見つめて乳首舐めて、反対の乳首をいじる女の子はエロい証拠です。頬をすぼめて、程よいバキュームピストン。勝手に奥までいれちゃう！天性のエロフェラ技です。横アングルでも彼女の呑み込むエロさが伝わります。途切れることのないネットリピストン技の気持ちよさに我慢できず口内発射！おっとりとした雰囲気ですが、凄いカラダと天性のエロフェラのギャップがすごかったです。,フェラチオハンター,フェラチオハンター,フェチ,500,PPV,,2022年07月03日,http://duga.jp/ppv/fellatiohunter-0061/
fellatiohunter-0062,個撮）彼女は内気で愛おしい娘でした。,"内気な彼女が愛おしい。よしよしと頭を撫でて構いたくなります。愛おしくチンポを舐める姿に萌えます。限界まで呑みこむチンポ！のど輪でキュっとチンポを締め付けます。いやらしい舌でチンポ愛撫ピストンこの舌使い！なかなか見れるもんじゃありません！泡立つ唾液。量も多くチンポがヌルヌル！ベロ舐めからのディープピストン！このコンボで耐えれる男はいるのか？我慢も限界！大量口内発射！「ただ気持ち良くしてあげたかっただけだもん」男なら全員が憧れるフェラ技も、彼女にとっては当たり前のことのようです。最高だ。",フェラチオハンター,フェラチオハンター,フェチ,500,PPV,,2022年07月10日,http://duga.jp/ppv/fellatiohunter-0062/
fellatiohunter-0063,個撮）柔らかパイズリ→バキュームピストンフェラ,神乳降臨！恥ずかしそうに見せてくれたおっぱいは完璧な美巨乳でした！嬉しそうに乳首舐め。乳首舐めのエロさでフェラの期待度が高まります。チロチロと亀頭を舐めた後、ズッポリ！バキュームピストンフェラ自ら上着を脱いで「パイズリしてあげよっか？」柔らかい！パイズリ気持ち良すぎです。ギンギンに勃起したチンポを再びピストンフェラ！我慢限界！そのまま大量口内発射！精子が喉奥に突き刺さるリアクションも良いです。神乳降臨！ありがとうございました。,フェラチオハンター,フェラチオハンター,フェチ,500,PPV,,2022年07月17日,http://duga.jp/ppv/fellatiohunter-0063/
fellatiohunter-0064,個撮）【爆乳Jカップ人妻】粘着質なピストンフェラ,明らかに普通じゃないニットの膨らみ！おっぱいに指が埋もれます。恥ずかしそうに服を脱ぎ、凄いおっぱいが目の前に！思う存分揉みまくり！幸せな柔らかさと重み、乳輪でデカさがエロすぎる！男の体温を感じるように寄り添い乳首舐め。この時点でムッツリエロ確定！ジュボジュボとエロいフェラ音を出しながら粘着質なフェラチオです。ローリングからのベロ舐めピストンフェラ！エロ過ぎです！おっぱいを触りながらフェラチオ。至福の時間です。我慢限界！大量口内発射！→お掃除フェラもしっかりしてくれました。フェラが上手くてこのおっぱい！こんな人妻はなかなか出会えませんよ。,フェラチオハンター,フェラチオハンター,フェチ,500,PPV,,2022年07月24日,http://duga.jp/ppv/fellatiohunter-0064/
fellatiohunter-0065,個撮）超美乳Fカップがザーメンまみれ！,ニット越しの透けブラがエロい！早くおっぱいが見たい！色白のピンク乳首！なんて綺麗なおっぱいなんだ！手に吸い付く肌のキメ細かさ。ずっと揉んでいたい癒し系おっぱいです。優しくねっとり、じっと見つめて乳首舐めが可愛すぎ！程よいバキュームが気持ちいい。チンポ一途に舐める姿に胸が高鳴ります。こんなに激しくピストンしても見つめること止めません！我慢限界！大量発射！綺麗なおっぱいをザーメンで汚して大満足！おっぱい汚されてもなんだが嬉しそう。なんとも従順でエロい女の娘でした。,フェラチオハンター,フェラチオハンター,フェチ,500,PPV,,2022年07月31日,http://duga.jp/ppv/fellatiohunter-0065/
fellatiohunter-0066,個撮）小さいお顔でチンポ丸飲み！ツンデレフェラ,"そんなに睨まないで（汗。その顔もとっても可愛いけども。スネ顔とチッパイ。そそります。カラダは正直です。乳首を触ると敏感に反応します。長い舌で乳首舐め。じらしながら金玉フェラ。あぁ早く咥えてほしい。凄い！小さいお顔でチンポ丸飲み！喉の奥までチンポが到達。余裕の丸飲みピストンノーハンド高速ピストン驚きのフェラ技！我慢なんて不可能です。大量口内発射！最後に満足げな可愛い顔。生意気なのも許しちゃう。とっつきにくいのに…こんなフェラされたら、誰でも彼女のとりこです。",フェラチオハンター,フェラチオハンター,フェチ,500,PPV,,2022年08月07日,http://duga.jp/ppv/fellatiohunter-0066/
fellatiohunter-0067,個撮）【レズ友】エロすぎです！淫技レズビアンフェラ,服装も同じ雰囲気の仲良し二人です。恥ずかしい！おっぱい比べ合いそしておっぱい揉み比べ。二人ともフェラ上手過ぎ！そしてフェラ顔可愛すぎ！二人の共同作業はテンションあがりますか？チンポを弄ぶ二人の距離感が最高！二人で精子の味を確かめあって。なんてエロいんだ。二人ともこれからも仲良くね！,フェラチオハンター,フェラチオハンター,フェチ,500,PPV,,2022年08月14日,http://duga.jp/ppv/fellatiohunter-0067/
fellatiohunter-0068,個撮）唇触れちゃう！密着亀頭責めダブルフェラ,見た目は違うけど、おっぱいの形はそっくりですね。フェラチオ見せあい。初めて見てどうですか？唇当たってる！密着亀頭責めフェラベロ長乳首舐め＆バキュームピストン盛り上がって二人ともどんどんエロくなる！我慢ができずにお姉さんに大量口内発射！妹は精子に若干ひいてます（笑）大人になっても仲良い二人。最高でした。,フェラチオハンター,フェラチオハンター,フェチ,500,PPV,,2022年08月21日,http://duga.jp/ppv/fellatiohunter-0068/
fellatiohunter-0069,個撮）チンポ舐め【初体験】仲良しダブルフェラ,身長高めでスタイル抜群！二人とも良いおっぱいしてます。美巨乳揉み比べは至福の時間。お互いどんなフェラするか気になります。じーっと見つめて二人仲良くチンポ舐め！二人ともチンポ好きですね。どんどん積極的になってます。そのまま口内に大量発射！恥ずかしがっていても、チンポ好きは隠せませんね。,フェラチオハンター,フェラチオハンター,フェチ,500,PPV,,2022年08月28日,http://duga.jp/ppv/fellatiohunter-0069/
fellatiohunter-0070,個撮）フェラ技を競う二人はエロ過ぎです,スタイル抜群！美巨乳の仲良し二人です。二人のおっぱい揉みくらべは幸せすぎます。相手のフェラを見るのは初めてみたいで二人とも興味津々。お互いフェラ好きなのを感じたのか、フェラ技を競うようにどんどん積極的になっていきます。我慢も限界！大量口内発射！もう一人の娘にはお掃除フェラをしてもらいます。本当にどちらもフェラチオがうまくてびっくりしました。,フェラチオハンター,フェラチオハンター,フェチ,500,PPV,,2022年09月04日,http://duga.jp/ppv/fellatiohunter-0070/
fellatiohunter-0071,個撮）お姉さんの強力バキューム＆ローリングフェラ,"迫力のおっぱいプリンッ！脱いだらホントに凄かった！思う存分揉みまくり！たっぷりの肉感を堪能します。幅広のエロい舌が絡みつきます。なかなか強力な吸引力！可愛くてエロいひょっとこバキューム顔！ねっとりとローリングピストン！気持ち良すぎです。じっと見つめて加速するピストン我慢限界！大量口内発射！",フェラチオハンター,フェラチオハンター,フェチ,500,PPV,,2022年10月02日,http://duga.jp/ppv/fellatiohunter-0071/
fellatiohunter-0072,個撮）こんなに美しい人妻には出会えません！,綺麗でエロい人妻。なかなか出会えないハイレベルマダムおっぱいペロンで恥ずかしがり萌え。柔らかくて感度良好です。可愛らしいベロ！よく動くこと！綺麗な顔からのひょっとこピストンフェラ余裕のディープピストン！やっぱりマダムはエロい亀頭集中！加速するピストンフェラ我慢限界、口内発射！,フェラチオハンター,フェラチオハンター,フェチ,500,PPV,,2022年10月09日,http://duga.jp/ppv/fellatiohunter-0072/
fellatiohunter-0073,個撮）【おねだり顔射（3）】白人クォーター美女！,白人クォーター美人！顔小さい！透き通る白い肌にムラムラします。やっぱり乳首は綺麗なピンク色でした！感度も良くて最高です。長い舌がエロい！ハイスペックな彼女です。いやらしいベロがチンポに絡みついて気持ち良すぎ！横顔美人！バキュームピストンフェラ。歯磨きフェラ顔も可愛らしいです。加速する亀頭集中ピストンで我慢限界！,フェラチオハンター,フェラチオハンター,フェチ,500,PPV,,2022年10月16日,http://duga.jp/ppv/fellatiohunter-0073/
fellatiohunter-0074,個撮）大人の色気を感じるフェラチオ【口内発射】,とても上品で綺麗なお姉さんです。落ち着いた雰囲気が素敵です。おっぱいも感度良好そんな綺麗なお姉さんが！見てください！このデカ乳輪！目玉乳輪チクビ！本当にエロいです。デカ乳輪フェチなのでいろいろアングルで大興奮！じっと見つめてエロい舌使い大人の色気を感じるピストンフェラです。綺麗なお姉さんの美しいフェラ横顔とてもエロくて素敵です！激しくなるピストンで我慢限界！お口の中に大量ザーメン発射！精子苦手そうなリアクションですが、頑張って受け入れてくれました。,フェラチオハンター,フェラチオハンター,フェチ,500,PPV,,2022年10月23日,http://duga.jp/ppv/fellatiohunter-0074/
fellatiohunter-0075,個撮）エロお姉さんのカリ責めフェラ＆爆乳パイズリ,服の上からでもわかる爆乳！どうぞご覧ください！Hカップおっぱいを思う存分揉みまくり！凄い重みそして柔らかさ。チンポをまさぐりながら見つめて乳首舐め舐め！エロいです。こちらの反応を伺いながらピストンフェラ！様々なテクニックで気持ちよくしてくれます。やっぱりしてくれました爆乳パイズリ！チンポがおっぱいに全部埋もれてます。エロすぎるパイズリに我慢限界！そのまま彼女の顎まで発射！迫力おっぱいにザーメンべっとりです。,フェラチオハンター,フェラチオハンター,フェチ,500,PPV,,2022年10月30日,http://duga.jp/ppv/fellatiohunter-0075/
fellatiohunter-0076,個撮）【おねだり顔射（4）】キャリア系美人お姉さん！,キャリア系のクールな美人お姉さん。色白ムッチリ！おっぱいも凄い綺麗です。エロスイッチが入った舐め顔がとってもスケベです。じっと見つめてねっとりとバキュームピストンフェラよだれ垂らして加速する亀頭集中ピストンフェラ美しいお顔に濃厚ザーメンをぶっかける快感！ザーメン顔にチンポを差し出しお掃除フェラ。,フェラチオハンター,フェラチオハンター,フェチ,500,PPV,,2022年11月06日,http://duga.jp/ppv/fellatiohunter-0076/
fellatiohunter-0077,個撮）ディープスロート＆高速カリ責めピストンフェラ,こんな保母さんがいたらいいな。とても優しい雰囲気の癒し系お姉さんです。最初は緊張気味の様子。脱いだらスゴイ！迫力のおっぱい！ずっしりと重たく揉みごたえ充分！舐め顔可愛い！じっと見つめたバキュームフェラ顔に興奮じーっくり、ねーっとりとディープスロート容赦ない高速カリ責めフェラで我慢限界！大量口内発射！ザーメン喉奥ヒットで顔がゆがませます。,フェラチオハンター,フェラチオハンター,フェチ,500,PPV,,2022年11月13日,http://duga.jp/ppv/fellatiohunter-0077/
fellatiohunter-0078,個撮）美人妻の浮気フェラ（1）,昼下がりに美人妻と会いました。エロい雰囲気が室内に漂います。半熟れ乳首は感度良好。しっとりとした肌がとても気持ちがいい彼女です。いやらしい視線で舐めてきます。いろんな角度から口内侵入！頬の粘膜にチンポが擦れて気持ちがいいです反応を伺いながら高速カリ責めピストン！気持ち良すぎて我慢限界！大量口内発射！,フェラチオハンター,フェラチオハンター,フェチ,500,PPV,,2022年11月20日,http://duga.jp/ppv/fellatiohunter-0078/
fellatiohunter-0079,個撮）ディープピストン＆ローリングフェラ【口内発射】,"色白で可愛らしい彼女。脱いだらびっくり！Fカップ美乳でした！綺麗な乳首と柔らかいおっぱいフレームアウトしちゃうぐらい大きい舌！エロいです。笑顔で見つめながらエロ舌が絡みつきます。想定外のフェラ技！深くローリングするピストン！本当に気持ちがいいです！深ーい！チンポの付け根まで丸呑みです！なんでそんなに上手いんだ？フェラチオの才能が凄すぎです。我慢限界！大量口内発射！",フェラチオハンター,フェラチオハンター,フェチ,500,PPV,,2022年11月27日,http://duga.jp/ppv/fellatiohunter-0079/
fellatiohunter-0080,個撮）イクまで止めない！ノーハンドフェラ【口内発射】,色気たっぷりな綺麗なお姉さん。意外なチッパイがとても敏感です。大きな瞳で何度も見つめて、こちらの反応を伺います。綺麗なお顔を歪ませたひょっとこフェラ顔がエロいです。バキューム加えた亀頭集中キツツキフェラ！イクまで止めない！ノーハンドピストンフェラ！我慢ができずに大量発射！最後はしっかりお掃除してくれます。,フェラチオハンター,フェラチオハンター,フェチ,500,PPV,,2022年12月04日,http://duga.jp/ppv/fellatiohunter-0080/
fellatiohunter-0081,個撮）よだれダラダラ濃厚フェラチオ【口内発射】,誰もが認める美人お姉さん。服の上からでも敏感に反応。Fカップおっぱいは揉みごたえたっぷり！見つめる瞳に思わずどっきり！美しいエロお姉さんです。リズミカルなピストンがエロいです！深ーい！！チンポ丸飲みです。頬をすぼめた横フェラ顔！素敵すぎ！よだれダラダラフェラ！加速するピストン我慢ができず大量口内発射美人のお姉さんがこんなエゲツないフェラをするなんて！痴女感たっぷりのエロいフェラチオでした。,フェラチオハンター,フェラチオハンター,フェチ,500,PPV,,2022年12月11日,http://duga.jp/ppv/fellatiohunter-0081/
fellatiohunter-0082,個撮）【おねだり顔射（5）】ゆるふわ系女子！,ゆるふわ女子に出会えるのって珍しいです！はじめる前から大興奮！おっぱいもお尻もフワフワで気持ちがいいです。じっと見つめて乳首舐め！とにかく可愛い！エロ可愛いひょっとこバキューム！ネジレをきかせた深ーいピストン！根元まで丸呑みです。我慢限界！ナチュラルな優しいお顔に大量顔射！たっぷり濃厚ザーメンを全部お顔で受け止めてくれました。ナチュラルなゆるふわ系女子！めちゃ可愛いです！そして想像以上のフェラテクで驚きました！ぶっかけられた濃厚ザーメン顔も必見です。,フェラチオハンター,フェラチオハンター,フェチ,500,PPV,,2022年12月18日,http://duga.jp/ppv/fellatiohunter-0082/
fellatiohunter-0083,個撮）大きな瞳で見つめてフェラチオ【口内発射】,"ガーリー系の可愛い女の子です。脱いだら形の良いEカップおっぱいでした。張りのある揉み心地！歯の矯正！若いですね！見つめてベローっと乳首舐め！可愛いです。ガーリーな女の子だってフェラチオはこんなにエロいんです！根元までズッポリ！余裕のピストン！加速するピストンに我慢限界！大量口内発射！大きな瞳がとても素敵なガーリー系女子！ファッションも可愛らしいです。いわゆる地雷系かと身構えましたがフェラチオ大好き！嬉しそうにフェラしてくれました。",フェラチオハンター,フェラチオハンター,フェチ,500,PPV,,2022年12月25日,http://duga.jp/ppv/fellatiohunter-0083/
fellatiohunter-0084,個撮）チンポ丸呑みストロークフェラ【口内発射】,"綺麗なお姉さんです！感度良好なEカップおっぱいはとっても柔らか。乳首をチューチューと吸って、ぺろぺろと亀頭を舐めたりチンポが全部なくなっちゃう！丸呑みピストンが気持ち良すぎです！まったり深いピストンが彼女のベーステクニック！ねっとりバキューム！ひょっとこフェラ顔がエロかわいい！高速ノーハンドピストンで我慢限界！そのまま大量口内発射！しっかりお掃除フェラもしてくれました満足げな表情。素敵です。綺麗なお姉さんのお口に全部チンポが入っちゃって。それだけでも幸せなのに最後は高速ノーハンドピストン！深いスロートが本当にエロい女性でした。",フェラチオハンター,フェラチオハンター,フェチ,500,PPV,,2023年01月01日,http://duga.jp/ppv/fellatiohunter-0084/
fellatiohunter-0085,個撮）経験少ない可愛いフェラチオ＆爆乳大量発射！,"ゆったりニットでわからなかったですが、脱いでみたら驚きの爆乳でした！揉みごたえ十分！本当に抜けるカラダです。とても不安そうですが、頑張って舐めてくれています。こちらの反応を伺いながら一生懸命フェラしてくれます。ウブですほんと。可愛い顔して乳首舐め手コキ！気持ち良すぎです。我慢限界！そのままおっぱいに大量発射！Hカップ爆乳に大量ザーメン！エロ過ぎです可愛らしい顔してとにかく凄いカラダ！そのギャップにとにかく興奮しました！一生懸命にフェラする姿もとっても素敵でした。",フェラチオハンター,フェラチオハンター,フェチ,500,PPV,,2023年01月08日,http://duga.jp/ppv/fellatiohunter-0085/
fellatiohunter-0086,"個撮） チンポをむさぼる変態的フェラチオ【口内発射】","服の上から触っても感度良好！敏感体質の女の子期待大です陥没気味の乳首もいじればすぐに勃起しちゃいます。可愛さと美しさ、そしてちょっと生意気な表情。魅力的な女の子です舐め顔がとってもエロい！スイッチ入ってきました！チンポを丸呑みしないと気が済まない！悦な表情からM気が伺えます。終わらない丸呑みピストンチンポをむさぼる姿は変態的！我慢限界！大量口内発射！苦しそう。でも嬉しそう。綺麗なのに可愛らしい。とっても魅力的な女の子でした。チンポを咥えるなり雰囲気が一変！かなりM気質なフェラチオでした。",フェラチオハンター,フェラチオハンター,フェチ,500,PPV,,2023年01月15日,http://duga.jp/ppv/fellatiohunter-0086/
fellatiohunter-0087,個撮）見つめてバキュームピストン＆ノーハンドフェラ,パッチリ瞳の色白女の子。期待が高まります。キメの細かい色白の肌が美しいです。柔らかいおっぱい、ムッチリとした下半身がそそります。舐めながらじっと見つめる瞳が可愛らしい。ノーハンドバキュームピストン！気持ち良すぎです反応を伺いながらフェラする姿がエロいです。加速するピストンに我慢も限界！彼女の舌上にザーメン発射！色白な美人お姉さん。ノーハンドのバキュームフェラ顔や、こちらの反応を伺いながらフェラする姿がなんともエロかったです。,フェラチオハンター,フェラチオハンター,フェチ,500,PPV,,2023年01月22日,http://duga.jp/ppv/fellatiohunter-0087/
fellatiohunter-0088,"個撮） 【おねだり顔射（6）】キュートな彼女",これは間違いなく可愛い！華奢なカラダに程よいおっぱいの膨らみ。感度の良い乳首が可愛いです。じっと見つめたベロ舐めがたまりません。可愛い顔して凄いフェラテク！余裕の丸呑み！ノーハンドピストンがエロ過ぎです！横アングルでストロークの深さが伺えます。まったり＆高速を織り交ぜるピストンテクニックは必見！加速するピストンに我慢限界！大量場外顔射！！キュートなお顔にたっぷりザーメンかけちゃいました。可愛い顔して凄いフェラチオテクニック！丸呑みノーハンドピストンは必見です！性格も本当によくて彼女に萌えまくり。いつもよりザーメンの量が多い気がします。,フェラチオハンター,フェラチオハンター,フェチ,500,PPV,,2023年01月29日,http://duga.jp/ppv/fellatiohunter-0088/
fellatiohunter-0089,個撮）ヨダレ垂らしてチンポ丸呑み！【エロいお姉さん】,全身からエロい雰囲気が漂う奥さん。期待が高まります。感度良好なスレンダーボディです。大きな乳首がエロいです。すごく柔らかいおっぱい！触っているだけで幸せです。大きな舌が気持ち良すぎ！ねっとりとバキュームフェラ！じっと見つめる口マンコは最高です。横アングルからのノーハンドフェラ。ヨダレ垂らして余裕の丸呑み！加速するピストンに我慢限界！大量発射！わかりやすい！絶対エロいお姉さんです！雰囲気もしゃべり方もエロく、近くにいるだけでチンポが反応してしまいます。まったりピストンからの高速ピストン。フェラテクも間違いないです！,フェラチオハンター,フェラチオハンター,フェチ,500,PPV,,2023年02月05日,http://duga.jp/ppv/fellatiohunter-0089/
fellatiohunter-0090,個撮）美人でキュート！【ムッチリFカップ美巨乳】,マスクをしていてもわかる美人のオーラ！まん丸な美巨乳！柔らかい肉感！幸せです。エロい下着とボリューミーな尻！スケベな視線で、ほほ笑み浮かべたベロ舐め緩急つけたノーハンドバキュームピストン！反応を伺いながら上目遣い。興奮しないわけない！我慢限界！大量口内発射！口内ザーメン直撃のリアクションも必見です！美人なのにとてもキュートなお姉さん。ムッチリなカラダも素晴らしいです。上目遣いで反応を伺うフェラチオはエロすぎます！,フェラチオハンター,フェラチオハンター,フェチ,500,PPV,,2023年02月12日,http://duga.jp/ppv/fellatiohunter-0090/
fellatiohunter-0091,"個撮）フェラの才能が凄すぎる！【Fカップ神巨乳降臨】",若い女の子のピチピチで色白な肌！なんて綺麗なおっぱいなんだ！ぷっくり膨らんだ乳輪、ピンク色の乳首がまぶしい！長い舌を巧みに動かした舐めテクニック！余裕の丸呑み！ジュボジュボと音を立ててローリングバキュームピストン！強烈なノーハンドピストンからの丸呑みチンポ！圧巻のフェラテクです我慢限界！大量口内発射！そしてごっくんサプライズ！まさに神乳降臨！素晴らしい美巨乳です。そしてそれ以上に驚いたのが圧巻のフェラチオテクニック！咥えた瞬間からもうヤバくて我慢するのに必死でした（汗）,フェラチオハンター,フェラチオハンター,フェチ,500,PPV,,2023年02月19日,http://duga.jp/ppv/fellatiohunter-0091/
fellatiohunter-0092,個撮）ほがらか美人は超敏感！【口内発射】,職場に一人いそうな普通感の女性に出会えるのって案外難しいですよ。そして敏感体質！胸が高鳴ります。嬉しそうに目をキラつかせて舐めまわし。じっと見つめてピストン時々ディープスロート横アングルでチンポを奥までねじ込む感が超エロいです！激しくなるピストンフェラで我慢限界！大量口内発射で歪む顔！お掃除フェラもありがたい。普通感の女性（とは言っても美人です）のフェラチオは普段とのギャップで興奮しちゃいます。しかもレベル高いフェラテク。世の中誰がエロくてフェラが上手いかなんてわからないものですね。,フェラチオハンター,フェラチオハンター,フェチ,500,PPV,,2023年02月26日,http://duga.jp/ppv/fellatiohunter-0092/
fellatiohunter-0093,個撮）萌えるフェラ技！【無印良娘】天然エロすぎ！,"恥ずかしい？緊張してる？それでもおっぱい触っていきます。予想外のスケベ乳首に大興奮！感度良好！イジりがいがあります。じっと見つめて乳首舐め。チンポを触り始めて結構その気になってます。ネットリ！じっくり！とても丁寧にフェラチオしてくれます。しっかり奥まで咥えてくれます。ヨダレたっぷりで気持ち良すぎです。ひねりを加えて亀頭集中！激しくなるピストンに我慢限界！たっぷり口内発射！無添加具合が萌える女の子です。意外に積極的なフェラ技に萌えまくり！エロいお姉さんにも負けないテクニック！フェラチオってボーダーレスですよね。",フェラチオハンター,フェラチオハンター,フェチ,500,PPV,,2023年03月05日,http://duga.jp/ppv/fellatiohunter-0093/
fellatiohunter-0094,個撮）優しいエロスなお姉さん【柔乳Fカップ】,服の上からでもわかるなんとも柔らかいおっぱいすばらしい弾力と柔らかさ！大きめの乳輪がエロいです。チューっと乳首を吸ったり、チロチロ舐めたりエロい舐め技持ってます。気持ち良すぎるローリングフェラ！本当にフェラチオが上手いです！柔らかいおっぱいがギンギンチンポを包みこむ。密着度が凄くて気持ち良すぎ！我慢限界大量パイズリ発射！ドピュッと精子が彼女のあごまで到達。優しい雰囲気のお姉さんですが、フェラ技はかなり積極的！Fカップの柔らかいおっぱいのパイズリは速攻やられてしまいました。,フェラチオハンター,フェラチオハンター,フェチ,500,PPV,,2023年03月12日,http://duga.jp/ppv/fellatiohunter-0094/
fellatiohunter-0095,個撮）【おねだり顔射（7）】癒し系ギャルのスゴ技,ど派手な金髪！なのになんだか癒し系のギャルです。敏感なおっぱいとボリューミーなお尻大きな瞳でじっと見つめて。舐め顔かわいいです！リズミカルな丸呑みピストン！ノーハンドで咥えてエロいです！ねっとりとディープスロート。横アングルでチンポを呑みこむフェラ顔が素敵！可愛いお顔に大量ぶっかけ！濃厚です！大きな瞳が可愛らしい彼女。フェラテクも素晴らしいです！そんな彼女の可愛いお顔に大量ぶっかけ！大満足でした。濃厚な一発をお楽しみください。,フェラチオハンター,フェラチオハンター,フェチ,500,PPV,,2023年03月19日,http://duga.jp/ppv/fellatiohunter-0095/
fellatiohunter-0096,個撮）現●早大生20歳【頭がいい子のしゃぶり方】,秀才オーラの彼女はどれほどエロいのか？気になります。キメの細かい色白な肌、形のいいおっぱいとお尻。上品なカラダです。可愛い顔してねっとり舐める！男のカラダを味わってます。サオ舐めからのパックンチョ！男のツボを心得ています。横アングルでノーハンドピストン！フェラのスキルが丸わかり！意外な展開！驚きの高速ピストンフェラに大興奮！そのまま大量口内発射！気のせいか、インテリジェンスを感じるフェラでした。しかし後半の高速フェラはまるでヘドバン！激しすぎ！内に秘めたエロがまだまだ彼女はありそうです。,フェラチオハンター,フェラチオハンター,フェチ,500,PPV,,2023年03月26日,http://duga.jp/ppv/fellatiohunter-0096/
fellatiohunter-0097,個撮）ド派手なケバエロお姉さん！【口内発射】,来ました！ド派手なお姉さんの登場です！エロいオーラが溢れまくりです。綺麗なおっぱいは感度良好！カラダをビクつかせて可愛らしいです。大きなエロ舌！この舌で舐められると思うとゾクゾクします。じっと見つめてて舌をチロチロそしてベロっとチンポ丸呑み！余裕のピストンテクニック！チンポを根元まで味わい尽くす！いやらしいお姉さんです。激しくなるピストンに我慢限界！大量口内発射！色気ムンムンのお姉さん。期待を裏切らないフェラチオテクニックはエロ過ぎます！と言いつつ、実はシャイで敏感で恥ずかしがり屋なところに萌えてました。,フェラチオハンター,フェラチオハンター,フェチ,500,PPV,,2023年04月02日,http://duga.jp/ppv/fellatiohunter-0097/
fellatiohunter-0098,個撮）淫靡な萌えッ子【根スケ全快！】【口内発射】,"根スケのオーラ全快で見つめる娘。服越しでもわかる意外に大きいおっぱい。そしてエロい下着予想以上に大きめのおっぱい。形も綺麗で、なんといってもこの柔らかさ。吸い込まれそうな瞳に見つめられながら、チロチロ乳首舐め＆亀頭舐め。ねっとりバキュームでチンポを包みこむテクニック！エロ過ぎ。深ーい！ストロークでチンポ丸呑み！大量のよだれがチンポに絡みつく！このフェラテクニック見てください↑↑↑エロいですよね〜！柔らかいおっぱい揉まれ、感じてるときのフェラ顔が可愛すぎる！そのまま大量口内発射！映像から伝わる根スケ感を是非感じてください。そしてかなり可愛い子です。またそして凄いフェラテクです！ヌケるフェラ動画だと思います。",フェラチオハンター,フェラチオハンター,フェチ,500,PPV,,2023年04月09日,http://duga.jp/ppv/fellatiohunter-0098/
fellatiohunter-0099,個撮）【おねだり顔射（8）】品のある美人OLさん,胸元があいた服でちょっぴり大胆な美人OLさんです。オリエンタルな瞳もすばらしい！カラダをクネらせて感じるお姉さん。ハリのあるおっぱい、濃いめの乳首がなんともエロいです。優しく吸い付いたり、長い舌で絡ませてたり。気持ちいいです！ローリングピストンのレベル高すぎです！金玉フェラなんてスケベがやることですよ。はみがき！ウラスジ！バキューム！様々なテクニックでチンポ愛撫！瞳を潤ませて加速するノーハンドピストンに我慢限界！綺麗なお顔に大量ザーメン顔射！今回も最高です！とても品のある美人なOLさんでした。それでも漂わすオーラがムッリエロくてたまりません！絶妙なローリングピストンフェラも必見です！ヌケる動画だと思います！,フェラチオハンター,フェラチオハンター,フェチ,500,PPV,,2023年04月16日,http://duga.jp/ppv/fellatiohunter-0099/
fellatiohunter-0100,個撮）経験少ない癒しの女子大生【口内発射】,癒し系の可愛らしい女の子。感度も良好で期待も高まります。色白で華奢な愛しいカラダ。でも案外おっぱいは大きいんです。ツンと突き出た乳首がエロい！若いってすばらしい！プリンっとしたおっぱいの張りがスゴイ！ずいぶん舐め方がエロいです。よく動く舌が気持ちがいい！バキュームフェラ顔が可愛い！じっと見つめてノーハンドフェラ！小さいお顔で深いピストン！横アングルで丁寧なフェラ技を見てください。加速するピストンに我慢限界！大量口内発射で大満足！雰囲気からして可愛らしいフェラと思いきや、しっかりヌカせるフェラ技を持っていました！じっと見つめた可愛いバキュームフェラ顔に萌えました。,フェラチオハンター,フェラチオハンター,フェチ,500,PPV,,2023年04月23日,http://duga.jp/ppv/fellatiohunter-0100/
fellatiohunter-0101,個撮）超キュートな彼女のフェラ技がエグい【口内発射】,"キュートな瞳にツインテール！これはもう絶対に可愛いでしょう。感度良好な柔らかい肌。感じる表情に萌えまくり弾むおっぱい！カラダの張り、ムチムチがたまらないです。大きな舌と潤んだ瞳で乳首舐め！気持ち良すぎです。ねっとりと丸呑みフェラ！濃厚な唾液が絡みつきます。この濃厚なバキュームと飲みこみを見てください！キュートな彼女のフェラ技がエグいこと！加速するピストンに我慢限界！大量口内発射で大満足です！発射直後の嬉しそうな顔といい本当にキュートな女の子です。ツインテールもよく似あってます！そんな彼女のフェラのエグさといったら。必見です！ヌケる動画だと思います！",フェラチオハンター,フェラチオハンター,フェチ,500,PPV,,2023年04月30日,http://duga.jp/ppv/fellatiohunter-0101/
fellatiohunter-0102,個撮）高級美人お姉さんの独特なフェラ技【口内発射】,高級オーラ漂う美人お姉さん。色白の肌とセクシーな下着に興奮します。美しすぎるおっぱい！ぷっくり乳輪もエロ過ぎです。舌で乳首をチロチロ舐め！同時にゆびで乳首いじり！身持ち良すぎる見てください！チンポを握りしめておねだり顔。あぁ早く舐めてほしい。なめらかな回転フェラ！口内の粘膜にぐりぐりあたって、感じたことない気持ちよさねっとりエロいノーハンドフェラ、バキュームフェラ顔がエロいです。加速するピストンに我慢限界！大量発射！高級オーラにも負けない、凄いフェラ技をお持ちでした。こんなに美人でフェラも上手かったら男性も骨抜きでしょう。ヌケる動画だと思います！,フェラチオハンター,フェラチオハンター,フェチ,500,PPV,,2023年05月07日,http://duga.jp/ppv/fellatiohunter-0102/
fellatiohunter-0103,個撮）Hカップデカパイお姉さん【口内発射】,"色気ムンムンの色白お姉さん。服の上からでもわかる巨乳に期待が高まります。見てください！この柔らかそうなおっぱい！でかい乳輪もエロいです。揉みごたえたっぷりの柔乳を思う存分楽しみます。じっと見つめてチロチロ乳首舐め。スケベなお姉さんです。程よいバキュームとリズミカルなピストンフェラ！至福の時間です。根元までチンポ丸呑み！横アングルでフェラ技を堪能してください！柔らかすぎるおっぱい。加速するノーハンドピストンに我慢限界！大量口内発射！人を寄せ付けないクールなオーラがありましたが、チンポを咥えると雰囲気は一変！献身的でエロすぎるフェラ技。おっぱいも思う存分揉ませていただいて最高に幸せでした。",フェラチオハンター,フェラチオハンター,フェチ,500,PPV,,2023年05月14日,http://duga.jp/ppv/fellatiohunter-0103/
fellatiohunter-0104,個撮）【おねだり顔射（9）】純朴で可愛い田舎っ娘,"飾り気のない可愛い女の子です。色白の肌が眩しいです。小さくてカワイイおっぱい。ムッチリしたお尻もそそります。濡れた舌でねっとり乳首舐め。絡みつく舌が気持ち良すぎ！チンポかぶりついてノーハンドピストン！根元までしっかり咥えてくれます。頬をすぼめてピストンフェラ！横アングルで彼女のフェラテクを堪能します。我慢限界！大量ザーメンぶっかけ！初めての顔射はいかがでしたか？何も知らないようで実はムッツリでした。チンポを咥えてどんどんエロくなる彼女。大量のザーメンを顔にあびるリアクションは必見です。ヌケる動画だと思います。",フェラチオハンター,フェラチオハンター,フェチ,500,PPV,,2023年05月21日,http://duga.jp/ppv/fellatiohunter-0104/
fellatiohunter-0105,個撮）青い性を感じる美人さん【初めての口内発射】,かなりの美人さんです！静かに輝く独特なオーラを持ってます。成長途中の可愛らしいおっぱい。プリンとした感触がたまりません。なんて可愛い顔で舐めるんだ。見つめる瞳が最高です。ヌルヌル温かい口内。一生懸命ピストンしてくれます。チンポ全体を包み込むようにご奉仕！加速するピストンに限界！大量口内発射！初めての口内発射のリアクション！大量のザーメンを口内で全部受け止めてくれました。その後、しっかりお掃除フェラ！感無量です。今から本当にフェラしてくれるの？疑うような美人さんでした。美顔を歪ませて意外なフェラテクに大興奮！注目は初口内発射のリアクション。一生懸命ザーメンを受け止める姿に萌えまくり！ヌケる動画だと思います。,フェラチオハンター,フェラチオハンター,フェチ,500,PPV,,2023年05月28日,http://duga.jp/ppv/fellatiohunter-0105/
fellatiohunter-0106,個撮）【おねだり顔射（10）】ムッチリ美人,上品な顔立ちとムッチリとしたカラダがそそります。肉感たっぷりの大きなおっぱい！感度も良好！たまりません。じっと見つめてねっとり乳首舐め。舐め笑顔がとても素敵です。美人の顔がくずれるバキュームピストン！フェラチオ上手すぎです！チンポ丸呑み！強弱のついたフェラの動きがエロいです。加速するピストンに我慢限界！欲望のまま大量顔射！綺麗なお顔にザーメンべっとり！最高です。上品な雰囲気からは想像できないなんともエロいフェラチオをしてくれます。いつもの二割増しの濃厚ザーメンをしっかりお顔で受け止めて感無量です！ヌケる動画だと思います。,フェラチオハンター,フェラチオハンター,フェチ,500,PPV,,2023年06月04日,http://duga.jp/ppv/fellatiohunter-0106/
fellatiohunter-0107,個撮）【デカ乳輪】激エロ巨乳お姉さん！【口内発射】,"とても人懐っこくてムッチリエロボディのお姉さんです！おっぱいを触ると表情にスイッチが入ります。迫力のおっぱいを披露！このデカ乳輪！たれ具合！柔らかすぎる肉感！どれをとっても最高クラス！ゾクッとしちゃうデカベロ！エロ過ぎです。いろんなテクニックで男を喜ばせる天然のエロさに萌えます。ジョボジュボと吸い付くピストンフェラ！大きな舌がチンポに絡みついて気持ち良すぎ！亀頭集中ピストンフェラがたまらない！柔らか巨乳を触りながらピストンフェラ！至福の時間も我慢限界！大量口内発射！とにかく人懐っこくて、エロにも夢中で情熱的！エロスイッチの入った表情が本当にエロいです！とにかくスケベなカラダの持ち主で、それだけでヌケる動画だと思います。",フェラチオハンター,フェラチオハンター,フェチ,500,PPV,,2023年06月11日,http://duga.jp/ppv/fellatiohunter-0107/
fellatiohunter-0108,個撮）Gカップ美巨乳お姉さん【口内発射】,色白の美人お姉さん。服の上からわかる巨乳に期待が高まります。まさかこんなにも綺麗なおっぱいだとは！吸い付くような肌の質感とボリューム満点のおっぱいを思う存分揉みまくりますよく動くエロい舌技です。まずはネットリとじっと見つめてフェラチオひねりを咥えたディープピストン！フェラチオに夢中になる姿に萌えまくり！情熱的なピストンフェラに我慢限界！大量発射！驚くほど綺麗なGカップ巨乳は必見！ねっとりフェラから、どんどん激しく夢中になるフェラチオに大興奮でした！,フェラチオハンター,フェラチオハンター,フェチ,500,PPV,,2023年06月18日,http://duga.jp/ppv/fellatiohunter-0108/
fellatiohunter-0109,個撮）天然むっつり色白美人【余裕の丸呑みピストン】,"むっつりスケベオーラが漂う女の子。色白な美人さんです。お尻もおっぱいも程よいボリュームでエロいです。キメが細かくて柔らかい肌、感度良好な乳首もたまりません。いやらしい目つきで舐める表情はなんだかうれしそう。綺麗なお顔を歪めたバキューム！ひねりを加えたピストンが気持ち良すぎです。余裕の丸呑みネットリフェラ。唾液たっぷりの口内に包みこまれます。最後は高速ひょっとこフェラ！我慢できる男なんていません！そのままお口に大量発射！色白な美人さん！妙なエロスが漂っていて吸い込まれてしまいます。エロいひょっとこ顔でピストンフェラする姿はエロ過ぎです。",フェラチオハンター,フェラチオハンター,フェチ,500,PPV,,2023年06月25日,http://duga.jp/ppv/fellatiohunter-0109/
fellatiohunter-0110,個撮）美乳お姉さん【可愛いお顔でひょっとこフェラ顔】,がっつり開いた胸元。レースのブラと胸の谷間が丸見えで明らかに誘ってますよね？お尻もおっぱいも色白ムッチリ！ボリュームのある柔肉を思う存分揉みまくります。ほほ笑みながら、舌先でチンポを撫でまわし！エロいです。じっと見つめてひょっとこフェラ顔！綺麗な顔して余裕のピストンフェラです。口内で舌を絡ませながらピストン！他にも様々なフェラテクを披露してくれます。最後は高速ノーハンドピストン！我慢できずに大量口内発射！可愛くて美人、むっちりのエロいカラダ、気持ち良すぎる様々なフェラ技！すべてがレベルが高いお姉さんでした。,フェラチオハンター,フェラチオハンター,フェチ,500,PPV,,2023年07月02日,http://duga.jp/ppv/fellatiohunter-0110/
fellatiohunter-0111,個撮）本当に可愛い！フェラチオアイドル！,「本当にフェラチオしてくれるんですか？」疑うほどの可愛い女の子です！顔にも負けないバランスの取れたいいカラダです。フンワリ柔らかい肉感！ずっと触っていたい。見てください！この綺麗な乳首！ぷっくり乳輪もエロいです。可愛い顔して「ベロン！」と舌舐め！たまりません。バキュームフェラ顔も可愛すぎ！ヨダレたっぷりの温かい口内！最高です。ひねりを加えてネットリ丸呑みピストン！妥協なしのフェラ技がうれしすぎます。イクまで止めない高速ノーハンドピストン！至福の大量口内発射！お掃除フェラまでしてもらって大満足です。アイドル級の可愛さに緊張しましたが、こちらの緊張をほぐすように優しく、気持ちよくしてくれました。こんな素敵な女の子に出会えて本当に幸せでした。ヌケる動画だと思います！必見！,フェラチオハンター,フェラチオハンター,フェチ,500,PPV,,2023年07月09日,http://duga.jp/ppv/fellatiohunter-0111/
fellatiohunter-0112,個撮）【天然スケベお姉さん】【喉奥直撃！口内発射】,長い黒髪、いやらしい目つきの天然エロお姉さんです。ムッチリボディ！レースの下着がエロいです。黒丸乳首の感度良好。触るたびに身体をピクつかせます。舌先を使ってチロチロと。丁寧にそしていやらしく舐めてくれます。最初の一口からチンポ丸呑み！ひょっとこ顔でバキュームピストン！余裕の連続丸呑みピストン！ジュボジュボといやらしい音が響きます。大量のザーメンが喉奥直撃！思わず口からこぼしちゃいます。最初からムッツリ根スケオーラ抜群のお姉さん。チンポを咥えて興奮する様はとてもエロいです。勢いよくザーメンが喉奥直撃！すいませんでした。,フェラチオハンター,フェラチオハンター,フェチ,500,PPV,,2023年07月16日,http://duga.jp/ppv/fellatiohunter-0112/
fellatiohunter-0113,個撮）【おねだり顔射（11）】清楚で知的な美人お姉さん,色白で知的なお姉さん。おっぱいを触ると雰囲気が一変します。ムッチリお尻と可愛らしいおっぱい乳首が敏感なようで、瞳を潤ませて感じています。可愛いお顔で乳首舐め。優しくネットリとした舌使いが気持ち良すぎます。舌を絡ませながらピストンフェラ！横アングルで彼女のフェラテクが楽しめます。イカせてあげたい気持ちが伝わる献身的なフェラです。可愛いお顔に大量ザーメンぶっかけ！顔いっぱいのザーメン！感無量です！ワンピースがよく似合う清楚で知的なお姉さん。優しい雰囲気でフェラチオも献身的！癒されます。そんな素敵なお姉さんに容赦ない大量ザーメンぶっかけ！最高でした。,フェラチオハンター,フェラチオハンター,フェチ,500,PPV,,2023年07月23日,http://duga.jp/ppv/fellatiohunter-0113/
fellatiohunter-0114,個撮）【超美肌】色白美人OLさん【口内発射】,"大きな瞳と透き通るような色白肌が素敵な美人OLさん。感度も良好で、それだけでムラついてしまいます。純白のレース下着もエロいです。血管が透けて見えるぐらいの色白透明感！もちろん触り心地も、キメ細かく柔らかい！舌をチロチロ動かしたり、大きな動きで舐め回してみたり、エロい舌技を堪能します！カポっと咥えたり、ネットリ舐め回したり様々なフェラ技を楽しめます。大きな瞳でカポっと咥えるひょっとこフェラ顔がそそります。バキューム効いたフェラと乳首を触られて感じるフェラ顔に大興奮！そのまま口内に大量発射！本当に美肌で美しい女性でした。おしとやかな雰囲気を裏切る、ネットリエロフェラや時折見せる情熱的なフェラが凄くエロくて大興奮でした！",フェラチオハンター,フェラチオハンター,フェチ,500,PPV,,2023年07月30日,http://duga.jp/ppv/fellatiohunter-0114/
fellatiohunter-0115,個撮）上品なお嬢様のフェラ技拝見！,"クリっとした瞳が印象的なお嬢様。どんなフェラ技の持ち主か楽しみです。可愛らしい下着と柔らかおっぱい。陥没気味の乳首に高鳴ります！おっぱい触られたら、思わずアソコに手が伸びてます↑エロいですこの子↑乳首舐め顔がA級に可愛い！チョロチョロと動く舌が可愛いくてエロいです。ジュボジュボと下品な音！程よいバキュームでねっとりピストン！ベロを敷いたままのピストンフェラは極上の摩擦です！大量のヨダレがチンポに絡みつきます！なんて嬉しそうにフェラするんだ！容赦ないピストンに我慢限界！大量口内発射！上品な佇まいですが、最初からなんだかエロい雰囲気がある方でした。チンポを見ると嬉しそうに舐める姿や一生懸命そして下品なフェラチオに大興奮でした！",フェラチオハンター,フェラチオハンター,フェチ,500,PPV,,2023年08月06日,http://duga.jp/ppv/fellatiohunter-0115/
fellatiohunter-0116,個撮）スレンダー美人OLさん【エロス＆丸呑みピストン】,"スレンダー体系の美人OLさん。大人のエロスが漂います。細いカラダに形の良いおっぱいがそそります。綺麗な色の乳首です。柔らかい舌がネットリと絡みつきます。パックリと余裕のチンポ丸呑み！唾液たっぷりの口内が気持ち良すぎます！程よいバキュームでねっとりピストン！濃厚なフェラチオです。追い込みピストンからの「おねだり」口内発射！喉奥ザーメン直撃です！至福のお掃除フェラで大満足です！クールな大人な雰囲気に若干戸惑いましたが、チンポを見るなり本領発揮！大人の濃厚エロスで迫ります！落ち着いた雰囲気でねっとり極上のフェラ技を堪能できました！",フェラチオハンター,フェラチオハンター,フェチ,500,PPV,,2023年08月13日,http://duga.jp/ppv/fellatiohunter-0116/
fellatiohunter-0117,個撮）美人お姉さん【Gカップ巨乳＆ぷっくりエロ乳輪】,"黒髪が美しいオリエンタルな雰囲気の美人お姉さん。触り心地のいいムッチリボディです。迫力のおっぱい！弾ける弾力が素晴らしい！見てください！このぷっくりエロ乳輪！エロ過ぎます。相互乳首いじりでチンポビンビン！スケベな表情になってきました。ひねりを加えた粘着ピストン。見つめる視線がたまりません。乳首をいじられ、感じてピストン！そのまま大量口内発射！お掃除フェラもしっかりしてもらいました。吸い込まれそうな瞳の美人お姉さん。エロすぎるカラダと粘着系のピストンフェラ！「このままずっとフェラして欲しい」そんな至福の時間でした。",フェラチオハンター,フェラチオハンター,フェチ,500,PPV,,2023年08月20日,http://duga.jp/ppv/fellatiohunter-0117/
fellatiohunter-0118,個撮）【おねだり顔射12】天然スケベ娘,"おしとやかで優等生タイプのお姉さん。地味な雰囲気も萌えます。形の良いチッパイにまたも萌え！おっぱいを触られると可愛い声が漏れちゃいます。幅広の大きな舌が絡みつく！チンポに伝わるねっとりした感覚がたまりません！こちらの反応を伺いながら、じっと見つめてフェラチオしてくれます。チンポを味わうこの表情！この娘は天然スケベです。可愛いお顔に大量ザーメン発射！全部受け止めてくれました！至福の時間です。おしとやかな中にも天然スケベが滲みでるお姉さんでした。フェラして感じる表情は本当にエロかったです。",フェラチオハンター,フェラチオハンター,フェチ,500,PPV,,2023年08月27日,http://duga.jp/ppv/fellatiohunter-0118/
fellatiohunter-0119,個撮）【Fカップ美乳】高級セレブ妻【大量口内発射】,切れ長の瞳が印象的な奥様、上品なニットセーター越しの大きなおっぱい膨らみにムクり。上品なランジェリーと美しいおっぱい。ツンとした乳首は感度良好です！猫のような可愛らしい舌で、チロチロと乳首舐め。エロい吸い付き音もたまりませんメリハリのあるピストンが気持ち良すぎ！絶妙なバキューム感！ひょっとこフェラ顔もエロいです。Fカップのおっぱいを思う存分揉みながら、そのまま大量口内発射！！とても美しく素敵な奥様！いやらしい視線で絶妙なバキュームのピストンフェラが本当に気持ちよくて！昼間から旦那さんに内緒でチンポ咥えるなんて本当にスケベですね。,フェラチオハンター,フェラチオハンター,フェチ,500,PPV,,2023年09月03日,http://duga.jp/ppv/fellatiohunter-0119/
fellatiohunter-0120,個撮）本当に可愛い！フェラチオアイドル2,本当にこんな可愛い子がフェラチオしてくれるんですか？期待で胸が高まります！色白で綺麗なカラダです。可愛らしいおっぱいは感度良好！柔らかい触り心地も抜群です。なんてカワイイ舐め顔なんだ！ずっと舐めてもらいたい。絶妙なバキュームを加えたピストンフェラ！温かい口の中、幸せすぎます。じっと見つめて高速ピストン！大量口内発射！最後はお掃除までしてくれました。とにかく可愛い！フェラ顔も萌えまくりで文句なしです！ヌケる動画だと思います。あぁ妹にしたい（笑）,フェラチオハンター,フェラチオハンター,フェチ,500,PPV,,2023年09月10日,http://duga.jp/ppv/fellatiohunter-0120/
fellatiohunter-0121,個撮）【おねだり顔射13】Aカップ微乳っ娘,ちょっと生意気で可愛い娘。顔に似合わないモデル体型にムラつきます。華奢なカラダなのに意外とボリューミーな尻肉Aカップ微乳に萌え！コンプレックスそうなリアクションがそそります。じっと見つめて舐めるお顔が可愛いです！絶妙なバキュームピストン＆根元までしっかり丸呑み小さいお顔で驚きのディープスロート！絡みつく舌もエロすぎです！チンポ全部が温かい口の中に包み込まれる！幸せすぎる丸呑みピストンに我慢限界！生意気で可愛いお顔に大量ザーメンぶっかけ濃厚ザーメンが顔中べっとり！可愛くてエロすぎて、また会ってしまいました。相変わらずの凄いフェラテクで、気を抜くとすぐにイってしまいそうでした。そしてようやくそのお顔にザーメンぶっかけることができました！嬉しすぎて、意識が飛んでしまうほどの至福の時間でした。,フェラチオハンター,フェラチオハンター,フェチ,500,PPV,,2023年09月17日,http://duga.jp/ppv/fellatiohunter-0121/
fellatiohunter-0122,個撮）こんなに美しい人妻には出会えません2,"美しい顔立ちと上品な雰囲気「本当にフェラチオしてくれるんですか？」胸が高鳴りまくりです。色白で綺麗なカラダ！デニムパンツを脱がす瞬間は興奮します。柔らかいおっぱいは感度良好！ぷっくり乳輪に萌えまくり！こちらの反応を伺いながら舐める姿はエロ過ぎです。美しいフェラ顔！そして何よりフェラチオが上手すぎです！ねっとりとチンポ丸呑み！絶妙なフェラテクで思わず腰が引けてしまいます加速するバキュームピストンに我慢限界！大量口内発射！満足気な表情！可愛いです。かなりの美人さんです！見つめる表情、フェラ技もかなりエロいです！彼女のエロさは見ていただけるとわかると思います。この美貌でこのフェラテクは反則です。ヌケる動画です！",フェラチオハンター,フェラチオハンター,フェチ,500,PPV,,2023年09月24日,http://duga.jp/ppv/fellatiohunter-0122/
fellatiohunter-0123,個撮）Gカップ美巨乳大●生【ひょっとこバキューム】,クラスに一人はいた大きなおっぱいの女の子。そんな親近感があって思わず抱きつきたくようなムッチリボディ恥ずかしながらもGカップのおっぱいを披露！迫力満点の美しいおっぱいです！重量感のある揉みごこち！思う存分楽しみます。メリハリのある舐め技！見つめる顔が可愛らしいです！絶妙なバキュームのピストン！気持ち良すぎです！こちらの反応を伺う上目遣いフェラがエロいです。容赦ない高速ピストンフェラで我慢限界！大量口内発射！最後はお掃除フェラまでしてくれました。ニット越しの突き出たおっぱいがエロ過ぎて、始まる前からドキドキが止みません。ハリのあるおっぱいを思う存分揉みまくれて幸せ過ぎでした。絶妙なバキュームのフェラや最後の高速ピストンはスゴイです。,フェラチオハンター,フェラチオハンター,フェチ,500,PPV,,2023年10月01日,http://duga.jp/ppv/fellatiohunter-0123/
fellatiohunter-0124,個撮）ゴシック系フェラ好き娘【Fカップ柔乳】,個人的にはあまり出会いのないゴシック系の女の子。どんなフェラチオをしてくれるのか？胸が高鳴ります。脱いだら意外と大きいFカップ美乳。色白の肌も美しいです。プリンっとした弾力！そして凄く柔らかいおっぱいです！ハニカミながら舐める姿に萌えまくり！唾液量の多い舌がチンポに絡む！絶妙なバキューム加減が気持ち良すぎです！加速するピストンに我慢限界！大量口内発射！最後はお掃除フェラまでしてくれました！ゴシック系の女の子ってエロいことに無関心なイメージがありましたが、全然そんなことはありません！唾液が多いフェラチオでチンポはネバネバ！最高に気持ち良かったです。,フェラチオハンター,フェラチオハンター,フェチ,500,PPV,,2023年10月08日,http://duga.jp/ppv/fellatiohunter-0124/
fellatiohunter-0125,個撮）恥ずかしいくらいデカい！【Jカップ爆乳妻】,服の上からまるわかりのデカさ！普段から集まるエロ視線。そりゃ恥ずかしいですよね。Jカップ爆乳のお披露目！重力には逆らえないドエロなタレ具合！最高です！迫力の重量感と柔らかさ！思う存分楽しみます！乳首を舐めながら、エロ視線で微笑む様子がたまりません。丸呑みパイズリとねっとりバキュームフェラ！快楽フルコースです！エロ過ぎる乳揺れフェラに限界！大量口内発射！お掃除フェラまでしっかりしてくれます。とにかくデカい！圧巻の重力と柔らかさ！チンポが見えなくなる丸呑みパイズリ＆絶妙なフェラ技！欲張りな快楽フルコースでした。,フェラチオハンター,フェラチオハンター,フェチ,500,PPV,,2023年10月15日,http://duga.jp/ppv/fellatiohunter-0125/
fellatiohunter-0126,個撮）【Gカップ美乳＆ぷっくり乳輪】【口内発射】,"目ヂカラ強めなお姉さん。おっぱいもお尻もムチムチです。迫力のGカップおっぱいです！張りのあるおっぱい！美しすぎます。なんとも柔らかく、たまらない重力感！思う存分揉みまくります。濃いめのぷっくり乳首がきゅっと勃起！正直な反応に大興奮です。乳首を舐め回すいやらしい表情！反対の乳首を手でイジる娘は絶対スケベなんです。このスケベなひょっとこ顔！ひねりを加えたバキュームピストン！気持ち良すぎです。唇がチンポに絡みつく！相手の反応を確認しながらフェラする姿は本当にエロいです。おっぱい触りながらフェラされて、加速するピストンに我慢限界！大量口内発射！最後はお掃除までしてもらいました。ムッチリといやらしいカラダのお姉さん。フェラする表情が本当にスケベで、ねっとりとした吸引＆ひねりを加えたピストン！チンポに絡みまくるフェラ技が本当に気持ち良かったです。",フェラチオハンター,フェラチオハンター,フェチ,500,PPV,,2023年10月22日,http://duga.jp/ppv/fellatiohunter-0126/
fellatiohunter-0127,個撮）ド派手な黒ギャル！【褐色Fカップ美乳】,ド派手な黒ギャルさんの登場です！褐色のむっちりボディがたまりません。Fカップおっぱい！乳首と肌の色が同化してるのもまた萌えるです。ぷるるん！とめっちゃ柔らかいです！ジッと見つめて乳首をチロチロ。ギャル顔好きにはたまりません。ひょっとこバキューム＆ローリングピストン余裕のチンポ丸呑み！喉奥にチンポがあたってキューっと締め付けてきます。ねーっとりと丸呑み！口内で舌を絡みつける物凄いテクニックです。ノーハンド高速ピストンに我慢限界！大量口内発射！褐色の肌がエロすぎる黒ギャルさん。丸呑みやらローリングやらフェラチオテクニックが凄すぎです。見た目で怖いと思いきやめっちゃ気さくで素敵な娘でした。,フェラチオハンター,フェラチオハンター,フェチ,500,PPV,,2023年10月29日,http://duga.jp/ppv/fellatiohunter-0127/
fellatiohunter-0128,個撮）フェラ顔のギャップが凄い！【Fカップ美乳】,色白の綺麗なお姉さんは好きですか？ムッチリと柔らかい触り心地がたまりません。なんて綺麗なおっぱい！色素の薄い大きめ乳輪がそそります。弾けるおっぱい！Fカップ美乳を思う存分楽しみます。大きくて長い舌が乳首にまとわりつきます。ゾクゾクと気持ちいい！美人のお顔でひょっとこバキューム！エロいです！ひねりを加えた吸引テクニック！気持ち良すぎです！おっぱい揉みながら至福のフェラチオタイム高速ノーハンドピストンフェラで我慢限界！大量口内発射！お掃除フェラもしっかり！色白ムッチリの綺麗なお姉さん。おしとやかな顔からは想像できない、エロ過ぎるひょっとこ顔！それだけで何度もヌケちゃいますよ！,フェラチオハンター,フェラチオハンター,フェチ,500,PPV,,2023年11月05日,http://duga.jp/ppv/fellatiohunter-0128/
fellatiohunter-0129,個撮）キュートな彼女のデカベロがエロい！【口内発射】,"可愛らしい彼女のムッチリとしたカラダを存分に楽しみます！恥ずかしそうに見せてくれたおっぱい。乳首がギュッと勃起しちゃってます。ちいさいお口から出てきた大きな舌！見てるだけでゾクゾクします。まさにベロ○ンチョ！見つめる笑顔がエロいです。ねっとりとローリングピストン。余裕の丸呑みです。ヨダレだらだら！ネバネバの口内にチンポがズッポリ入ります！デカベロを絡めたエロ過ぎるフェラチオテクニックです。高速ノーハンドピストンフェラで我慢限界！喉奥大量口内発射！発射直後の表情に萌えます。キュートな彼女に油断してました。まったりローリング＆余裕の丸呑み！ギャップの凄いフェラ技に萌えまくりでした。",フェラチオハンター,フェラチオハンター,フェチ,500,PPV,,2023年11月12日,http://duga.jp/ppv/fellatiohunter-0129/
fellatiohunter-0130,個撮）大量ヨダレがチンポに絡む【口内発射,"色白美人のお姉さん。カラダを触られて気まずい表情もそそります。肌のキメが細かい！Fカップ美乳！思う存分楽しみます。張りがあるのに柔らかプルプルおっぱいです。綺麗なお顔でいやらしい愛撫。エロ過ぎます。ねっとり味わいスローフェラ、口内の温もりが気持ちいい。大量ヨダレがチンポに絡みつく！ネバネバのピストンフェラです。根元までズッポリストローク！見つめるフェラ顔に大興奮！我慢ができずに大量口内発射！綺麗なお姉さんのネットリヨダレフェラ！じっと見つめる表情が本当に可愛いいです。ネバネバフェラからのズッポリフェラのコンボ技が最高に気持ち良かったです！",フェラチオハンター,フェラチオハンター,フェチ,500,PPV,,2023年11月19日,http://duga.jp/ppv/fellatiohunter-0130/
fellatiohunter-0131,個撮）深い！チンポ丸呑み美人妻【口内発射】,"色気ムンムンの美人妻です。感度良好なエロいカラダです。GIF12Fカップおっぱいの美しいバストライン！プルン！と弾ける張りのあるおっぱいです。ねっとりと柔らかい舌が絡みつく！見つめる表情がエロ過ぎます。余裕のチンポ丸呑みピストン！ローリングが加えた絶妙なフェラチオテクニック！唾液を絡ませて。程よいバキュームの刺激がたまりません。チンポを舌で包み込んで！エロ過ぎるフェラ顔です！加速するバキュームフェラに我慢限界！大量口内発射！綺麗な奥さんの余裕の丸呑みピストンがエロ過ぎでした！若い子にはない色気を堪能できると思います。",フェラチオハンター,フェラチオハンター,フェチ,500,PPV,,2023年11月26日,http://duga.jp/ppv/fellatiohunter-0131/
fellatiohunter-0132,個撮）生意気！ガーリー系女子と思いきや【口内発射】,可愛くて華奢なガーリー系女子。意外にボリューミーなお尻がそそります。チッパイでも感度良好！ツンっと勃起した乳首がよいです両方の乳首を同時愛撫。可愛い顔してエロい娘です。嬉しそうにチンポを丸呑み！可愛い顔とひょっとこフェラ顔のギャップがたまりません。こちらの反応を伺いながら絶妙バキュームのディープスロートじっと見つめて加速する！ノーハンドピストン！我慢も限界大量口内発射！生意気そうなガーリー系女子と思いきや、嬉しそうにチンポ丸呑み！可愛い顔とひょっとこ顔のギャップがエロかったです！,フェラチオハンター,フェラチオハンター,フェチ,500,PPV,,2023年12月03日,http://duga.jp/ppv/fellatiohunter-0132/
fellatiohunter-0133,個撮）本当に可愛い！フェラチオアイドル3,"トキメキが止まらない！めちゃくちゃ可愛い女の子です！バランスの取れた美しいカラダにも萌え！形のいいおっぱい！完全陥没乳首が恥ずかしいようでムラつきます。唾液たっぷりの舌がねっとりと絡みついて気持ち良すぎです。絶妙なバキュームフェラ！フェラ顔も本当に可愛いです。こちらの反応を伺いながら、ひねりを加えたピストン！予想外のフェラテクにタジタジ加速するピストンに我慢限界！大量口内発射！ハーフ系の本当に可愛いおんなの子！フェラ顔もフェラ技も間違いないです！ヌケる動画だと思います！是非！",フェラチオハンター,フェラチオハンター,フェチ,500,PPV,,2023年12月10日,http://duga.jp/ppv/fellatiohunter-0133/
fellatiohunter-0134,個撮）金髪ショートカットギャル【至福のパイズリ発射】,金髪ショートカットがよく似合うムッチリボディの女の子迫力のGカップおっぱいを披露！恥ずかしがる姿に萌えます。プルプルの柔らかさと重量感！長い舌をねっとり絡ませて、微笑む笑顔が素敵すぎ！絶妙なバキュームフェラ。おいしそうにチンポを咥えてくれます。ヨダレ垂らしておしゃぶり。絡みつく舌が気持ち良すぎです。フル勃起したチンポが柔らか巨乳にう包まれて。あぁなんて気持ちいいんだ！パイズリもこんなに上手で驚きです。我慢できずに大量パイズリ発射！フェラもパイズリも絶妙な上手さ！エロいです。アニメのような金髪ショートのキャラクターにも興奮しました！,フェラチオハンター,フェラチオハンター,フェチ,500,PPV,,2023年12月24日,http://duga.jp/ppv/fellatiohunter-0134/
fellatiohunter-0135,個撮）【おねだり顔射14】キュートな彼女,瞳が綺麗なキュートな彼女。ムッチリしたお尻もそそります。色白で形の良いおっぱい。ぷっくり乳輪も可愛らしいです。大きくてながーい舌！エロいです！エロ舌を感じながら乳首舐め。気持ち良すぎです。じっと見つめてピストンフェラ。至福の時間です。大きな舌にチンポが包まれて、絶妙なバキュームピストンです。大興奮しまくりの大量ザーメン発射！！可愛いお顔にザーメンべっとりです！とにかく可愛いです！大きくて長い舌がとてもエロくて大興奮！そんな彼女に大量ザーメンぶっかけ！大満足です。ヌケる動画だと思います！,フェラチオハンター,フェラチオハンター,フェチ,500,PPV,,2023年12月31日,http://duga.jp/ppv/fellatiohunter-0135/
fellatiohunter-0136,個撮）【高身長＆美脚女子】ねっとりバキューム！,モデル体型でスタイル抜群！可愛いお顔も小さいです。意外にムッチリなお尻がそそります。形の良いおっぱい。ツンっと勃起した乳首がエロいです。舐め顔が可愛すぎ！大きな瞳でじっと見つめてくれます。安定のバキュームピストン！ずっと気持ちいい絶妙なフェラ技です。可愛いひょっとこ顔で加速するピストン我慢ができずに大量口内発射！本当にスタイルの良い女の子。顔も小さいのにチンポ丸呑み！ひょっとこフェラ顔も可愛らしくてエロかったです。,フェラチオハンター,フェラチオハンター,フェチ,500,PPV,,2024年01月07日,http://duga.jp/ppv/fellatiohunter-0136/
fellatiohunter-0137,個撮）【高身長】美人OLさん【チンポ丸呑みピストン】,高身長スレンダーボディの美人OLさん。メガネも似合って完璧です。ハリのある綺麗なおっぱい。恥ずかしいリアクションに萌えます。メガネ越しからじっと見つめる破壊力！エロ過ぎです！ねっとりと余裕のチンポ丸呑みピストンフェラ！喉奥までしっかり当て込んでます。加速するピストンに我慢限界！大量口内発射！口内発射のリアクション！たまらなくエロいです。高身長な美人OLさん。おしとやかと思いきや意外とムッツリ。ネットリとチンポを丸呑みする姿はエロ過ぎでした！,フェラチオハンター,フェラチオハンター,フェチ,500,PPV,,2024年01月14日,http://duga.jp/ppv/fellatiohunter-0137/
fellatiohunter-0138,個撮）陰キャ女子の気になるフェラ技【口内発射】,"恥ずかしそうに視線をそらす陰キャ女子。脚長でくびれもあって、プリッとしたお尻に萌えます。可愛らしいチッパイと梅干しタイプの大粒乳首がエロいです。舌ピアスの感触が新鮮で刺激的！従順な表情がたまりません。見つめてチンポチロチロからのバキュームピストンフェラ相手の反応を伺いながら、余裕の丸呑みピストンフェラいやらしいベロがしっかり絡まってエロ過ぎです！絶妙なバキュームテクニックで我慢限界！大量口内発射！恥ずかしいのか視線を逸らす表情がなんともそそります。陰キャ女子ですけどチンポとのコミュニケーションは完璧でした。",フェラチオハンター,フェラチオハンター,フェチ,500,PPV,,2024年01月21日,http://duga.jp/ppv/fellatiohunter-0138/
fellatiohunter-0139,個撮）【Gカップ美巨乳】見つめるフェラ顔がエロ過ぎる,"高級なオーラが漂う美人な奥様。なかなか庶民には味わうことのできないカラダ。存分に堪能します。Gカップ巨乳！美しいバストラインです。ハリも柔らかさも申し分なし！ずっと触っていたい素晴らしいおっぱいです。ねっとり動く舌がいやらしい。綺麗でスケベな舐め顔です。ヨダレ垂らして濃厚ピストン！こちらの反応を伺いながら、フェラを楽しんでおられます。加速するピストンに我慢限界！大量口内発射！喉奥にザーメン直撃です。僕のような庶民でも味わうことができた高級女性の濃厚フェラチオ！幸せでした。大人の女性は本当にエロいです。",フェラチオハンター,フェラチオハンター,フェチ,500,PPV,,2024年01月28日,http://duga.jp/ppv/fellatiohunter-0139/
fellatiohunter-0140,個撮）Hカップ爆乳アノちゃん！【エロ大粒乳首】,サラサラ黒髪のボブが可愛い！服の上からでもわかる至福の揉みごこち大迫力のHカップ爆乳！たまりません！大粒乳首がエロ過ぎる！口の中で転がしたい大満足の重量と柔らかさ。思う存分楽しみます。ねっとり絡める舌さばきがエロいです見つめてひょっとこ顔！絶妙なバキュームピストンフェラ！濃厚な唾液とひねりを加えたピストンテクニックがスゴイです。加速するピストンに我慢限界！大量口内発射！最後はお掃除フェラまでしてくれます。とにかく大きくてエロいおっぱい！大粒乳首が本当にそそります。バキュームフェラのひょっとこ顔がとてもスケベでした。,フェラチオハンター,フェラチオハンター,フェチ,500,PPV,,2024年02月04日,http://duga.jp/ppv/fellatiohunter-0140/
fellatiohunter-0141,個撮）フェラ顔美人のねっとりピストンフェラ,可愛さが残る美人さん。張りのある肉感を味わいます。推定Cカップの超美乳！キュっと勃起した乳首がエロいです。弾ける柔らかさが素晴らしい！可愛い顔して一生懸命舐めてくれます粘りある吸引が気持ち良すぎ！美人とのギャップが凄い！バキュームフェラ顔に萌えます。相手の反応を見ながらねっとりフェラ！フェラする横顔も美人です。強めのバキュームでしごかれて、我慢できずに大量口内発射！最後はお掃除フェラまでしてくれます。可愛さ残る美人さんです！フェラも一生懸命してくれます。フェラする横顔がとても美人でエロかったです！,フェラチオハンター,フェラチオハンター,フェチ,500,PPV,,2024年02月11日,http://duga.jp/ppv/fellatiohunter-0141/
fellatiohunter-0142,個撮）【おねだり顔射15】可愛い顔してデカ舌エロ過ぎ！,可愛いお顔のムッチリボディ！おっぱいもお尻も触り心地抜群です。ピンク乳首のFカップおっぱい。思う存分楽しみます。どこにしまってあったのか？舌デカすぎです！可愛い顔で見つめてベロ舐め。舌のデカさ伝わります。絶妙なバキュームフェラから丸呑みスロート！スゴイフェラ技です舌を絡めてヨダレダラダラ。ねっとりローリングが気持ち良すぎです！可愛いお顔にザーメン発射！至福の時間です。とにかくデカ舌がエロ過ぎです！迫力のディープスロート！ねっとりローリング技も一見の価値ありです。,フェラチオハンター,フェラチオハンター,フェチ,500,PPV,,2024年02月18日,http://duga.jp/ppv/fellatiohunter-0142/
fellatiohunter-0143,個撮）チンポ丸呑み＆ノーハンド！エロ技フェラ,"ショートカットが似合うお姉さん。服の上からでもわかる巨乳に胸が高鳴ります。恥ずかしそうにGカップおっぱいを披露！柔らかいおっぱいを思う存分楽しみます。ながーい舌がエロ過ぎです！長い舌がねっとりと絡みつく。見つめる瞳もたまりません。絶妙なバキュームピストンからのチンポ丸呑み！スゴイテクニックです。ヨダレ垂らして高速ピストン＆ねっとりディープスロートザーメンをおねだりするような表情でフェラされると我慢限界！大量口内発射！見つめる大きな瞳、ショートカット美人、Gカップ巨乳、丸呑みフェラ！男が喜ぶエロアイテム満載！そして抜群のフェラテク！文句なしにおすすめです。",フェラチオハンター,フェラチオハンター,フェチ,500,PPV,,2024年02月25日,http://duga.jp/ppv/fellatiohunter-0143/
fellatiohunter-0144,個撮）フェラで感じるFカップお姉さん【チンポ丸呑み】,"清楚感漂うお姉さん。ムッチリボディと透け下着がエロいです。ハリのはるFカップおっぱいを披露！柔らかくて、とても形の良いおっぱいです。両方の乳首を同時に触って、エロさが際立ちます。絶妙なバキュームと丸呑みピストン！チンポを咥えてとてもうれしそうです。喉奥突きまくり！フェラして感じる表情がエロいです。チンポ丸呑み！大量ヨダレがチンポに絡みついて気持ち良すぎです。加速するピストンに我慢限界！ザーメン全部搾り取られてごっくん！エロ過ぎです。おしとやかそうに見えて、実はドエロなお姉さん。フェラすると表情一変！ザーメン全部搾り取る凄いフェラチオでした。",フェラチオハンター,フェラチオハンター,フェチ,500,PPV,,2024年03月03日,http://duga.jp/ppv/fellatiohunter-0144/
fellatiohunter-0145,個撮）むっつりスケベの色白お姉さん【口内発射】,"大きな瞳に吸い込まれそうな色白お姉さん。ムッチリ下半身がエロい！形の良い！キメの細かい色白おっぱいハリも柔らかさも申し分なし！笑顔が素敵でとってもエロい！可愛い顔してスケベです。じっと見つめてネットリフェラチオ！ノーハンドで絶妙なバキュームです。うら筋舐めから、亀頭を包み込んでピストン！気持ち良すぎです。加速するピストンの我慢限界！大量口内発射！口内発射リアクションも萌えます。大きな瞳が印象的なお姉さん。じっと見つめられながらのフェラチオに萌えまくりでした。",フェラチオハンター,フェラチオハンター,フェチ,500,PPV,,2024年03月10日,http://duga.jp/ppv/fellatiohunter-0145/
fellatiohunter-0146,個撮）【おねだり顔射16】ほっこりキュートな天然娘,天然キュートな女の子！意外と大胆な透け下着で大きなムッチリお尻に萌え。可愛らしいおっぱいと綺麗なピンク乳首に大興奮ハリがあるのに本当に柔らかいおっぱいです。思う存分楽しみます。チロチロと乳首を弾いて、上手な舌使いです。従順そして嬉しそうにフェラしてくれます。ノーハンドフェラだって頑張ります！加速するピストンに我慢限界！可愛いお顔に大量ザーメンぶっかけ！濃厚ザーメンがお顔にべっとり！至福の時間です。素朴でキュートな雰囲気に終始萌えまくり！そんな彼女のお顔にぶっかけできて最高に幸せでした。,フェラチオハンター,フェラチオハンター,フェチ,500,PPV,,2024年03月17日,http://duga.jp/ppv/fellatiohunter-0146/
fellatiohunter-0147,個撮）こんなに美しい人妻には出会えません3,なんて美しい奥様！エロい下着とボリューミーなお尻がたまりません。バストラインが美しいEカップおっぱい吸い付くような肌質と本当に柔らかいおっぱい。ずっと触っていたい。優しく見つめて乳首舐め。その笑顔は反則です！絶妙ねっとりなローリングフェラ！フェラ顔も美しすぎます。ひねり咥えたバキューム！気持ち良すぎです。ぽってり唇もチンポに絡みつく加速するピストンに我慢限界！そのまま大量口内発射！あぁなんて綺麗なんだ。上品で美しい！すばらしい女性です。ひねりを加えた絶妙なねっとり具合がチンポとの相性ばっちり！至福の時間でした。,フェラチオハンター,フェラチオハンター,フェチ,500,PPV,,2024年03月24日,http://duga.jp/ppv/fellatiohunter-0147/
fellatiohunter-0148,個撮）全て吸い尽くす！ねっとりバキュームフェラ,"素朴でなんだかスケベオーラが滲み出ております。華奢だけど綺麗で可愛らしいおっぱいです。プルンと弾けて柔らかい萌えおっぱい。大きな舌をネットリ絡みつけ！間違いなくエロい！高鳴ります。カッポリとチンポを咥えこんで、まったりとバキューム！チンポを味わいながら、そのまま丸呑み！ねっとりからの高速ピストンに我慢限界！大量口内発射！口内発射→ごっくん→お掃除フェラのフルコースです！予想を裏切るムッツリスケベです。顔が歪むほどのバキューム！エロいひょっとこ顔は必見です。",フェラチオハンター,フェラチオハンター,フェチ,500,PPV,,2024年03月31日,http://duga.jp/ppv/fellatiohunter-0148/
fellatiohunter-0149,個撮）【低身長】守ってあげたいキュートな彼女,ヨシヨシしたくなる可愛い彼女。柔らかいカラダとプリッとしたお尻貧乳コンプレックス！萌えまくりです。勃起した乳首。感度は良好です。じっと見つめて長いベロ！可愛くてエロい乳首舐めです！可愛いひょっとこ顔で亀頭集中バキュームピストン。気持ち良すぎです。ひねりを加えたピストンフェラ、横顔も美しくエロい加速するフェラに我慢限界！そのまま大量口内発射！しっかりお掃除フェラまでしてくれます。とにかく萌えまくりの可愛さです。じっと見つめてフェラする姿に胸が高鳴りまくりでした！長くてエロい舌にも注目です。,フェラチオハンター,フェラチオハンター,フェチ,500,PPV,,2024年04月07日,http://duga.jp/ppv/fellatiohunter-0149/
fellatiohunter-0150,個撮）【おねだり顔射17】ちっちゃなお顔でチンポ丸呑み,生意気なのに超可愛い！意外とムッチリなお尻がそそります。可愛らしいAカップチッパイ。じっくり撮られて恥ずかしいでしょ？チッパイだって柔らかい。感度良好の乳首に萌えます。舌をチロチロ細かく動かして、スケベなテクニック持ってます。じっと見つめて絶妙なバキュームピストン！気持ち良すぎです。ちっちゃなお顔で余裕のチンポ丸呑み！なめらかなピストンがたまりません加速するフェラに我慢限界！大量ザーメンぶっかけ！可愛いお顔に濃厚ザーメンがべっとり！至福の時間です。生意気なのに本当にフェラが上手くて可愛くて、また会ってしまいました。彼女のフェラテクは間違いなくエロいです！,フェラチオハンター,フェラチオハンター,フェチ,500,PPV,,2024年04月14日,http://duga.jp/ppv/fellatiohunter-0150/
fellatiohunter-0151,個撮）【高身長】上品な美人お姉さん【口内発射】,"モデル級！スタイル抜群のお姉さん。しっとりとした雰囲気がそそります。ピンク乳首の美乳おっぱい。キメの細かい肌、柔らかいおっぱい。素敵です。大きい舌で乳首愛撫。器用に舌を動かします。バキュームフェラ顔のエロいこと！ねっとりとしたテクニックが気持ち良すぎです。相手の反応を伺いながらバキュームピストン。おしとやかな雰囲気とのギャップに萌えます。口内でチンポを転がしながら、見つめてピストン。我慢できずにそのまま口内発射！お掃除フェラもしてくれました。おしとやかで上品なお姉さんのネットリスケベなフェラチオが堪能できます。バキュームフェラ顔で見つめる表情がエロ過ぎました！",フェラチオハンター,フェラチオハンター,フェチ,500,PPV,,2024年04月21日,http://duga.jp/ppv/fellatiohunter-0151/
fellatiohunter-0152,個撮）むっちりデカ尻お嬢様【口内発射】,"上品な雰囲気がそそるお嬢様。むっちりデカ尻がなんともエロいです。美しいボディラインと、柔らかい美乳。じっくりと楽しみます。可愛いお顔でチロチロ乳首舐め！じっと見つめてこちらの反応を伺います。絶妙なバキュームとリズミカルなピストン。フェラ技も申し分なしです。顔を歪むほどの吸い付き＆はみがきフェラ加速するピストンに限界！そのまま口内発射！お掃除フェラもしてくれました。綺麗なお顔からは想像できないエロ過ぎるバキュームフェラ顔！上品な雰囲気とのギャップに大興奮でした。",フェラチオハンター,フェラチオハンター,フェチ,500,PPV,,2024年04月28日,http://duga.jp/ppv/fellatiohunter-0152/
fellatiohunter-0153,個撮）キャリア系デカ尻お姉さん【Gカップ美巨乳】,仕事できそうなキャリア系お姉さん。ムッチリしたカラダとデカ尻がそそります。美しいGカップ巨乳！キメの細かい色白の肌です！じっと見つめて乳首舐め。舐め顔がとても可愛らしいです。ジュッポリ！吸い付き顔がエロい！絶妙なピストンテクニックです。深めに呑みこむピストンフェラ。リズミカルに一所懸命フェラしてくれます。加速するピストンの我慢限界！彼女のテクニックを楽しみながら横アングルで大量口内発射！最後はお掃除フェラまでしてくれます。クールな雰囲気のお姉さんですが、フェラチオはとても献身的で萌えます。リズミカルなピストン、吸い付き顔がエロかったです。,フェラチオハンター,フェラチオハンター,フェチ,500,PPV,,2024年05月05日,http://duga.jp/ppv/fellatiohunter-0153/
fellatiohunter-0154,個撮）バキュームフェラ顔のギャップがエロい！,おっとり優しい雰囲気のお姉さん。とても美人でムッチリボディがたまりません！色白で本当に柔らかいおっぱい！思う存分楽しみます！微笑む姿がエロ過ぎる乳首舐め。長い舌が絡みつきます。ひねりを加えたバキュームピストン！気持ち良すぎです！口内で舌を絡めながらねっとり吸引！多様なフェラ技が凄いです。幸せ過ぎる柔乳パイズリ！じっと見つめてこちらの反応を伺ってます加速するバキュームピストンに我慢限界！そのまま口内発射！綺麗なお姉さんの贅沢奉仕。パイズリとフェラのコンボ技は本当に気持ち良かったです。,フェラチオハンター,フェラチオハンター,フェチ,500,PPV,,2024年05月12日,http://duga.jp/ppv/fellatiohunter-0154/
fellatiohunter-0155,個撮）黒髪キュートな彼女【敏感華奢ボディ】,黒髪で華奢なキュートな彼女。それでもおっぱいとお尻の程よい肉付きが柔らかい。可愛いサイズの綺麗なおっぱい！思う存分楽しみます！じっと見つめて舐める乳首。吸い込まれそうな瞳です。バキューム加減が絶妙なフェラ技。口内で舌が絡みついて気持ち良すぎです従順なピストンフェラに萌えます。イクまで止まない！加速するピストンに我慢限界！そのまま口内発射！黒髪で華奢なカラダに萌えまくり！絶妙なバキューム加減が気持ち良すぎです。チンポを咥えるバキューム顔のギャップに興奮しました。,フェラチオハンター,フェラチオハンター,フェチ,500,PPV,,2024年05月19日,http://duga.jp/ppv/fellatiohunter-0155/
fellatiohunter-0156,OLお姉さん濃厚唾液が絡みつくローリングピストンフェラ,"雰囲気からもうエロいです。スケベなお姉さんのカラダじっくり堪能します。ふんわり柔らかいおっぱいは触りごこち抜群！陥没乳首も可愛らしくてエロいです舌先使って乳首をチロチロしたり、チューと吸いあげたり、気持ち良すぎです！超ねっとりなローリングピストン！バキュームフェラ顔もスケベです。口内密着バキューム！口内の温もり、ネバネバがダイレクトに伝わりますじっと見つめてノーハンドピストン！我慢できず大量口内発射！エロさ抜群のお姉さん！濃厚な唾液が絡みつく、超ねっとりなフェラ技は気持ち良すぎでした。",フェラチオハンター,フェラチオハンター,フェチ,500,PPV,,2024年05月26日,http://duga.jp/ppv/fellatiohunter-0156/
fellatiohunter-0157,個撮）ねっとりバキューム＆唾液たっぷりはみがきフェラ,"ショートカットが似合う美人お姉さん。色白で柔らかいカラダを楽しみます。柔らかいおっぱい！大きめの乳首がそそります。じっと見つめて乳首をチロチロ、見つめる表情にゾクゾクします。絶妙なバキュームと濃厚唾液を絡ませたはみがきフェラが気持ち良すぎです。いろんな角度でキツツキフェラ！口内の粘膜にあたるのがよくわかります。加速するピストンに我慢限界！唾液でヌルヌルになったチンポをしごかれてそのまま大量発射！ショートカットが似合う美人お姉さん。顔を歪ませたピストンはみがきフェラ！濃厚な唾液が絡んで気持ち良すぎでした。綺麗なお姉さんの贅沢奉仕。パイズリとフェラのコンボ技は本当に気持ち良かったです。",フェラチオハンター,フェラチオハンター,フェチ,500,PPV,,2024年06月02日,http://duga.jp/ppv/fellatiohunter-0157/
fellatiohunter-0158,個撮）亀頭ジュボジュボ！絶妙ローリングフェラ,"可愛い瞳に吸い込まれそうな癒し系ギャル。ムッチリしたカラダを楽しみます。大粒乳首のDカップおっぱい。ハリも柔らかさも申し分なし！よく動く舌で乳首をねっとり愛撫。うっとりした表情がたまりません。亀頭をジュボジュボ！ノーハンドでピストンフェラ！反応を伺いながらローリングピストン！ヨダレ垂らしてチンポ丸呑みはエロすぎです！加速するピストンに我慢限界！そのままお口にめがけて大量発射！癒し系のギャル！見つめる瞳が可愛すぎです！亀頭重点のピストンテクニックはとてもエロかったです！",フェラチオハンター,フェラチオハンター,フェチ,500,PPV,,2024年06月09日,http://duga.jp/ppv/fellatiohunter-0158/
fellatiohunter-0159,個撮）余裕のチンポ丸呑み！エロ過ぎノーハンドフェラ,色白スレンダー美人のお姉さん。高身長でスタイル抜群です！小ぶりなのに凄く柔らかい！ピンク色の乳首がそそります。幅広の大きな舌がそそります。べろべろの乳首を舐め回して気持ち良すぎです！口いっぱいにチンポを丸呑み！ひねりを加えたバキュームフェラがエロいです。キツツキフェラからのチンポ丸呑み！高速ノーハンドフェラに我慢限界！そのままお口にめがけて大量発射！上品なのに凄いフェラ技！見た目とのギャップに興奮しました。高速ピストンからの丸呑みフェラは必見です！,フェラチオハンター,フェラチオハンター,フェチ,500,PPV,,2024年06月16日,http://duga.jp/ppv/fellatiohunter-0159/
fellatiohunter-0160,個撮）ショートカット金髪ギャル【Gカップ巨乳】,"ど派手な金髪ギャルです！ショートカットも似合っています。服の上からでもわかる巨乳に期待が高まります。ハリのあるGカップおっぱいを思う存分揉んじゃいます。チロチロと舌先を使った乳首舐め！気持ち良すぎます！序盤はまったりと亀頭を包み込むように優しくフェラチオ根元までチンポ丸呑み！横アングルでフェラ技を堪能してください！イクまで止めない！高速ノーハンドピストンに我慢限界！大量口内発射！普段ギャルとは無縁なのでどんなフェラをするのか興味深々！ムッチリとしたカラダもエロかったです。迫力の高速ノーハンドピストンは我慢なんて絶対できません！すごいフェラ技でした。",フェラチオハンター,フェラチオハンター,フェチ,500,PPV,,2024年06月23日,http://duga.jp/ppv/fellatiohunter-0160/
fellatiohunter-0161,個撮）ツインテールが可愛いすぎ！【Aカップ微乳萌え】,"ツインテールがよく似合う！スレンダーでスタイル抜群です。Aカップチッパイに萌え！おっぱいの感度良好です！なんて嬉しそうに舐めるんだ！見た目とのギャップで大興奮。チンポをじっくり味わいながらねっとりフェラチオ。表情がエロいです亀頭ピストンからローリングピストン！フェラ好きが伺えます。高速ノーハンドフェラに我慢限界！そのままお口にめがけて大量発射！とっても美人で萌えな彼女ですが、フェラする様子はとってもスケベ！見た目では想像できないドスケベちじょでした。",フェラチオハンター,フェラチオハンター,フェチ,500,PPV,,2024年06月30日,http://duga.jp/ppv/fellatiohunter-0161/
fellatiohunter-0162,個撮）【おねだり顔射18】可愛い顔してGカップボディ！,端正な顔立ちの彼女。服の上からでもわかるムッチリボディに大興奮迫力のGカップおっぱい！思う存分楽しみます。切れ長の瞳で見つめながら乳首をチロチロ舐め。気持ち良すぎです！小刻みなピストンからねっとりディープピストン！絶妙なバキュームで深めのピストンフェラ。あぁ気持ちいい！高速ピストンフェラで我慢限界！綺麗なお顔に大量顔射！発射の勢いに驚いたのか？くらったザーメンでカラダがよろけてます（笑）端正なお顔からは想像もできないスケベなフェラ技！そんな彼女に大量顔射できて本当に幸せでした。,フェラチオハンター,フェラチオハンター,フェチ,500,PPV,,2024年07月07日,http://duga.jp/ppv/fellatiohunter-0162/
fellatiohunter-0163,個撮）キュートなOLさん萌え！【口内発射】,"キュートな雰囲気が萌えるOLさん。むっちりデカ尻は揉みごたえ十分です。小ぶりでも柔らかく張りのあるおっぱい。感度も良好ですツンっと勃起した大粒乳首がそそります。可愛い瞳でじっと見つめて乳首舐め！反対の乳首は指で優しく愛撫。たまりません。たっぷりの唾液が絡むねっとりフェラ！絶妙なバキューム加減も良いです高速ピストンからの丸呑み！キュートな見た目とのギャップがスゴイ。高速ピストンフェラで我慢限界！大量口内発射！キュートな見た目から想像できないねっとりフェラ技！笑顔が可愛くて萌えまくりでした。",フェラチオハンター,フェラチオハンター,フェチ,500,PPV,,2024年07月14日,http://duga.jp/ppv/fellatiohunter-0163/
fellatiohunter-0164,個撮）顔でヌけちゃう美人お姉さん【口内発射】,"顔だけで抜けちゃう美人お姉さん。色白で柔らかいカラダをじっくりと堪能します。キメの細かい肌！美しいおっぱい！ぷっくり乳輪に萌えまくり。チロチロ舌を動かし乳首舐め。舐め顔もとても美しいです。独特のローリング技が新鮮！口内全体にチンポが擦れて気持ち良すぎです。ひねりを加えたバキュームピストン！ひょっとこ顔も素敵です。見つめられながら高速ピストン！我慢も限界！大量口内発射！新感覚のフェラ技に感動！こんなに美人でフェラも上手い！たっぷり楽しませてもらいました。",フェラチオハンター,フェラチオハンター,フェチ,500,PPV,,2024年07月28日,http://duga.jp/ppv/fellatiohunter-0164/
fellatiohunter-0165,個撮）Gカップ美巨乳お姉さん【じっと見つめて】,色白の綺麗なお姉さん。むっちりしたカラダを触ると、自ら抱き着いてきてかなりスケベなお姉さんです。色白でピンク乳首のGカップ美巨乳！思う存分楽しみます。授乳のような吸い付きとチロチロ舐め。あぁ気持ちいい。じっと見つめたひょっとこフェラ顔がとてもエロいです！反応を伺いながら、ヨダレ垂らしてノーハンドピストン。勃起チンポが包みこまれて至福の時間です。エロい視線でじっと見つめてGカップパイズリ。我慢限界！大量パイズリ発射！色白でとにかく美しいおっぱい思う存分楽しみました。エロ視線のバキュームフェラ顔も見どころです。,フェラチオハンター,フェラチオハンター,フェチ,500,PPV,,2024年08月04日,http://duga.jp/ppv/fellatiohunter-0165/
fellatiohunter-0166,個撮）【おねだり顔射19】むっちりデカ尻お姉さん,くっきりお顔のお姉さん。ムッチリとしたデカ尻は揉みごたえ抜群です！陥没乳首を弄りながら、おっぱい揉みまくり！じっと見つめながら乳首をチロチロ舐め。時折見せる乳首吸い付きもたまりませんエロい！すっぽんフェラ顔！ノーハンドピストンフェラが気持ち良すぎです丸呑みローリングピストン！綺麗なお顔でフェラ技はエグイです気持ち良すぎるフェラ技に我慢限界！大量顔射！ぽってり唇がエロいお姉さん！ラフな服装にも萌えます。見た目では想像できないエグいフェラ技は必見です。,フェラチオハンター,フェラチオハンター,フェチ,500,PPV,,2024年08月11日,http://duga.jp/ppv/fellatiohunter-0166/
fellatiohunter-0167,キュートな彼女はダンサー【ローリング技がエロい！】,大きな瞳が印象的なキュートな彼女！ダンス仕込みのムッチリボディがそそります。大きめスケベ乳首のロケットおっぱい。触りごこちも抜群です！じっと見つめながら乳首をチロチロ。可愛いです！絶妙バキュームのノーハンドフェラ！可愛い顔してローリングテクがエロ過ぎます！加速するフェラに我慢限界！そのままお口に大量発射！大きな瞳がキュートな彼女！可愛いらしい見た目で絶妙なローリングフェラ技は必見です！,フェラチオハンター,フェラチオハンター,フェチ,500,PPV,,2024年09月01日,http://duga.jp/ppv/fellatiohunter-0167/
fellatiohunter-0168,個撮）本当に可愛い！フェラチオアイドル4,本当に可愛いです！ムッチリ柔らかいカラダを触りながら期待が高まります！可愛らしいAカップチッパイ。感度良好で萌えます。幅広で長い！デカベロがエロいです。チロチロとエロベロ乳首舐め。見つめるお顔にゾクゾクします。ねっとりバキュームフェラ！絶妙な吸引密着が気持ち良すぎです。密着ローリングからのピストンフェラ！バリエーションも豊富です！加速するピストンに我慢限界！そのまま大量口内発射！アイドル級に可愛い彼女！そんな彼女のフェラ技がとにかくエグい。しかもほぼノーハンドフェラで本当にエロかったです。,フェラチオハンター,フェラチオハンター,フェチ,500,PPV,,2024年09月08日,http://duga.jp/ppv/fellatiohunter-0168/
fellatiohunter-0169,個撮）色白キュートなお姉さん【Gカップ美巨乳】,色白キュートなお姉さん。見た目の割にグラマラスなカラダに興奮します。Gカップ美巨乳のサプライズ！張りも柔らかさも極上です乳首を丁寧にチロチロ舐め。可愛らしい舐め顔です絶妙なバキューム加減のフェラ！ひょっとこ顔も萌えですジュボジュボノーハンドフェラ！極上の口マンコですねっとりピストンから加速するピストン！そのままお口に大量発射！横アングルフィニッシュですとにかく色白エロボディ！見た目とのギャップがそそります。ジュボジュボピストン技が極上のマンコのようでした。,フェラチオハンター,フェラチオハンター,フェチ,500,PPV,,2024年09月15日,http://duga.jp/ppv/fellatiohunter-0169/
fellatiohunter-0170,個撮）むっちり癒し系お姉さん【Gカップ柔乳】,むっちり癒し系のお姉さん。柔らかいカラダにムラムラします。色白のGカップ巨乳！幸せの揉み心地で最高です。乳首を舐め回したり、チロチロさせたり。スケベなテクニック持ってます。チンポに吸い付くフェラ顔がエロ過ぎる！絶妙なローリング技も素晴らしい！加速するフェラに我慢限界！そのまま大量口内発射！癒し系のお姉さん。チンポを咥えると雰囲気一変！実はチンポ大好きスケベお姉さんでした！絶妙なローリングフェラ技は必見です！,フェラチオハンター,フェラチオハンター,フェチ,500,PPV,,2024年09月29日,http://duga.jp/ppv/fellatiohunter-0170/
fellatiohunter-0171,個撮）美しすぎる人妻です！【最高クラスフェラ顔】,驚きの美人妻の登場です！色白でムッチリとしたカラダも最高です！Fカップ美乳！大きめのぷっくり乳輪がそそります。感度も良好です！じっと見つめて乳首舐め。あぁ綺麗だ！ねっとりと絡みつく舌技！エロいです。舌を絡めながら、ねっとりバキューム！気持ち良すぎです。綺麗なお顔でチンポ丸呑み！そんなことまでしてくれるんですか？最高です！加速するフェラに我慢限界！そのまま大量口内発射！最後の一滴までお掃除フェラで吸い取ってくれます。こんな綺麗な人がチンポをしゃぶってくれるなんて信じられません！フェラ顔もテクニックも最高クラスの美人妻でした！,フェラチオハンター,フェラチオハンター,フェチ,500,PPV,,2024年10月06日,http://duga.jp/ppv/fellatiohunter-0171/
fellatiohunter-0172,個撮）恥ずかしいくらいデカい【Hカップ爆乳お姉さん】,ニットセーター越しから物凄い膨らみ！胸の高鳴りが止まりません！迫力のHカップおっぱい！片手じゃ収まらない！柔らかすぎる揉み心地と至福の重み長い舌を使ってチロチロ！ベロンとねっとり舐め上げます。絶妙なバキュームが気持ち良すぎ！じっと見つめてノーハンドフェラ！相手の反応を伺いながらジュボジュボピストンフェラ！気持ち良すぎる！チンポ丸呑みパイズリ！エロすぎでもう我慢限界！そのまま爆乳パイズリ挟射！ニットセーター越しのおっぱいを触っている時からフル勃起！ただデカいだけじゃない！色も形も最高。そして顔も可愛いなんて反則です。,フェラチオハンター,フェラチオハンター,フェチ,500,PPV,,2024年10月13日,http://duga.jp/ppv/fellatiohunter-0172/
fellatiohunter-0173,個撮）Fカップ巨乳お姉さん【デカ舌＆デカ乳輪】,オリエンタルな雰囲気がエロい。笑顔が素敵なお姉さんです。ムッチリとしたカラダもそそります。柔らかい！Fカップおっぱい！ぷっくり膨らんだデカ乳輪がエロいです。大きな舌を使って乳首をベロンと舐め上げ！見つめる瞳に吸い込まれそうです。ジュボジュボと絶妙なバキュームのピストンフェラです。そそり立ったチンポ！ノーハンド直下ピストンが気持ち良すぎる！加速するピストンに我慢限界！そのまま大量発射！笑顔でごっくんまでしてくれます。最高です。オリエンタルな雰囲気と大きな瞳が印象的なお姉さん。大きな舌がねっとりと絡みついて最高に気持ちいいフェラでした。,フェラチオハンター,フェラチオハンター,フェチ,500,PPV,,2024年11月03日,http://duga.jp/ppv/fellatiohunter-0173/
fellatiohunter-0174,個撮）【高身長】スレンダー美人妻【大粒勃起乳首】,"高身長のスタイル抜群の美人妻です！上品な雰囲気でとてもいい匂いがします。人妻の美しいおっぱい！大粒の勃起乳首がとにかくエロいです！じっと見つめてソフトタッチな乳首舐め！ゾクゾクします。絶妙なバキュームでチンポをお口で包み込み！唾液多めの口内が気持ち良すぎです。強弱をつけたリズミカルなピストン！さすが！チンポの扱い方が上手です！加速するピストンに我慢限界！そのままお口に大量発射！お掃除フェラまでしてくれます。おしとやかで上品な人妻！ねっとりと熟練のフェラ技が最高に気持ち良かったです！",フェラチオハンター,フェラチオハンター,フェチ,500,PPV,,2024年11月10日,http://duga.jp/ppv/fellatiohunter-0174/
fellatiohunter-0175,個撮）【おねだり顔射20】高身長お姉さん【超敏感体質】,根スケのオーラが滲み出る高身長お姉さん。ムッチリとした下半身がそそります。スケベな濃色の乳首。プルンと柔らかいおっぱいを楽しみます。敏感体質のお姉さんに萌えまくり！大きな瞳でじっと見つめて乳首舐め。可愛い舐め顔です！亀頭舐め回しピストン！器用なフェラ技に感動！サオにエロ舌が絡みつく！極上のフェラチオテクニックです！相手の反応を伺いながら加速するピストンに我慢限界！大量ザーメン発射！ベットリついたザーメン顔がエロ過ぎです！むっつり根スケオーラと敏感カラダに序盤から大興奮！ねっとり舌を絡めたフェラ絶品！大量のザーメンを思いきりぶっかけた至福の時間となりました。,フェラチオハンター,フェラチオハンター,フェチ,500,PPV,,2024年11月17日,http://duga.jp/ppv/fellatiohunter-0175/
fellatiohunter-0176,個撮）【Fカップ美巨乳】色白キュートなお姉さん,色白キュートなお姉さん。ムッチリとした身体とウブな反応がそそります。極上の柔らかさのFカップおっぱい！思う存分楽しみます。じっと見つめて乳首舐め。ウルっとした瞳が可愛らしいです。ひねりを加えたバキュームピストン！以外なフェラ技に萌えます。相手の反応を伺いながら献身的なねっとりフェラが気持ち良すぎです！加速するノーハンドピストンに我慢限界そのままお口に大量発射！キュートなお姉さんの意外なフェラチオテクニック！脱いだら凄いエロい身体も大興奮でした。,フェラチオハンター,フェラチオハンター,フェチ,500,PPV,,2024年12月01日,http://duga.jp/ppv/fellatiohunter-0176/
fellatiohunter-0177,個撮）スタイル抜群！Gカップ美乳お姉さん【口内発射】,見つめる瞳が可愛らしいお姉さん。身長も高くスタイル抜群です！素晴らしい形のGカップ巨乳！張りも柔らかさも一級品です！舌先を使ってチロチロ舐め！ピンポイントの気持ち良さに悶絶！口内で舌を絡めたねっとりピストン！絶妙なバキュームも素晴らしいです相手の反応を伺いながら奥までズッポリピストン！チンポ丸ごとお口の中に包まれて幸せです。加速するノーハンドピストンに我慢限界そのままお口に大量発射！お掃除もしっかりしてくれました！とにかくスタイル抜群！エロい身体してます。フェラ技も奥までズッポリ！献身的なフェラチオで本当に気持ち良かったです。,フェラチオハンター,フェラチオハンター,フェチ,500,PPV,,2024年12月08日,http://duga.jp/ppv/fellatiohunter-0177/
fellatiohunter-0178,個撮）フェラチオの妖精【エロ過ぎる神技】,色白でキュートな彼女。独特の雰囲気に引き寄せられます。美しいピンク乳首と柔らかすぎるおっぱい！思う存分楽しみます。濡れた大きな舌を使って乳首舐め！舐め方がねっとりスケベ過ぎ！チンポを味わうねっとりフェラ！ぬるぬるの口内が気持ち良すぎです！絶妙なローリングピストン！神がかるフェラ技！小さなお口の中にチンポが全部呑みこまれる加速するノーハンドピストンに我慢限界！そのままお口に大量発射！残すことなく大量ザーメンごっくん！！フェラチオの妖精が現れました！様々なフェラチオテクニックはまさに神技！見た目とのギャップに驚きながら至福の時間を過ごしました。,フェラチオハンター,フェラチオハンター,フェチ,500,PPV,,2024年12月15日,http://duga.jp/ppv/fellatiohunter-0178/
fellatiohunter-0179,個撮）無邪気に咥えてスゴイフェラ技！【Fカップ柔乳】,"顔立ちクッキリの美人さん！可愛らしい雰囲気もあって魅力的です！Fカップの柔らかおっぱい！大き目な乳輪、感度良好なカラダに萌えまくり舐め方と表情がエロ過ぎる！ずっと舐めてもらいたい亀頭集中のローリングと思いきや、突然丸呑み！いろんなテクニックをもっています相手の反応を伺いながらご奉仕フェラ！横アングルで彼女のフェラテクがまる解り！加速するバキューム高速ピストンで我慢限界！そのままお口に大量発射！可愛い顔してスケベなフェラをしてくれます！見つめる表情！エロい舌使い！バキュームフェラ顔！必見です！",フェラチオハンター,フェラチオハンター,フェチ,500,PPV,,2024年12月29日,http://duga.jp/ppv/fellatiohunter-0179/
fellatiohunter-0180,個撮）最高峰のフェラ技は必見！【FカップOLお姉さん】,上品なOLお姉さん。色白で柔らかいカラダを楽しみます。Fカップの美乳！吸い付く肌質と柔らかいおっぱい！思う存分揉みまくり！絶妙な吸い付きからのチロチロ舐め！大きくて粘っこい舌が気持ち良すぎです。焦らしてからのズッポリ！ノーハンドピストン！ひょっとこ顔もエロ可愛い！このねっとり感！スケベ過ぎです！思わず腰も引けてしまいます！丸呑みノーハンドピストン！最高峰のフェラ技は必見です！加速するピストンで我慢限界！そのままお口に大量発射！上品なお姉さんの最高峰のフェラチオテクニック！丸呑みピストンでは思わず腰引けちゃいました。必見です！,フェラチオハンター,フェラチオハンター,フェチ,500,PPV,,2025年01月05日,http://duga.jp/ppv/fellatiohunter-0180/
fellatiohunter-0181,個撮）【おねだり顔射21】Fカップ美乳お姉さん,色白で可愛らしいお姉さん。おっぱいもお尻も凄くムッチリ柔らかいです。色素の薄い乳首と形がすばらしいFカップおっぱい！柔らかさも極上です。じっと見つめて丁寧な乳首舐め。優しくてエロいテクニックに大興奮！ノーハンドのバキュームピストン。ひょっとこ顔が可愛らしいです。相手の反応を伺いながらノーハンドフェラ、献身的なフェラ技に萌えます。加速するピストン我慢限界！可愛いお顔に大量顔射！大量のザーメンが顔中べっとり！至福の時間です。キュートなお姉さんの意外なFカップおっぱい！とにかく形も美しい！献身的にフェラする姿に萌えまくり。かわいいお顔に大量ザーメンぶっかけできて本当に幸せでした。,フェラチオハンター,フェラチオハンター,フェチ,500,PPV,,2025年01月12日,http://duga.jp/ppv/fellatiohunter-0181/
fellatiohunter-0182,"Gカップ美乳お姉さん ジュボジュボ！フェラ音がエロい","目鼻立ちクッキリの綺麗なお姉さん。上品なリアクションに萌えます。Gカップの美乳！感度良好！思う存分楽しみます。舌をチロチロと絡ませて乳首舐め、責めるのが好きなのか？表情がイキイキしています。じっと見つめてノーハンドピストン！鳴り響くジュボ音がエロいです。ジュボジュボとひねりを加えたピストンが気持ち良すぎです！加速するピストン我慢限界！そのままお口に大量発射！最後はお掃除フェラもしっかりです。綺麗な顔してなかなか下品なフェラ音がエロいです！時々ひねりを加えながらのノーハンドピストンは最高に気持ち良かったです。",フェラチオハンター,フェラチオハンター,フェチ,500,PPV,,2025年02月16日,http://duga.jp/ppv/fellatiohunter-0182/
fellatiohunter-0183,個撮）Fカップ柔乳！おっとり系お姉さん,あごのほくろがセクシーなおっとり系お姉さん。柔らかいカラダを思う存分楽しみます。Fカップの柔乳！柔らかくてスケベなおっぱいですエロ過ぎる！ぷっくりデカ乳輪！いろんなバリエーションで乳首舐め！気持ち良すぎる！チンポ全体を丁寧に舌で愛撫しながらフェラ。バキュームフェラ顔もたまりません余裕のねっとり丸呑みピストン！チンポが唾液いっぱいの口内に包みこまれます。加速するピストンに我慢限界！そのままお口に大量発射！最後はお掃除フェラまでしてくれます。顎のほくろがエロいおっとり系のお姉さん。ぷっくりしたデ乳輪がたまりません。舐め技のテクニックが豊富でどれも本当に気持ちよかったです。,フェラチオハンター,フェラチオハンター,フェチ,500,PPV,,2025年02月23日,http://duga.jp/ppv/fellatiohunter-0183/
fellatiohunter-0184,個撮）元レースクイーンの上手すぎるフェラ！,"身長170センチの高身長！Gカップ美乳のゴージャスボディ！オーラ出まくりのカラダです。ピンク色の美しい乳首！張りのある柔らかいおっぱい！理想のGカップおっぱいです。長い舌でねっとり乳首舐め。見つめる表情がたまりません絶妙な吸い付きのノーハンドフェラが気持ち良すぎ！リズミカルなピストン！時折深く咥えこみ！すばらしい根元までチンポ丸呑み！口内で舌を絡ませて！すごいフェラ技です。じっと見つめて加速するピストンに我慢限界！そのまま大量口内発射！とにかくゴージャスボディ！元レースクイーンも納得です。フェラ技だって妥協なし！絶妙な吸い付きのノーハンドフェラが最高に気持ち良かったです",フェラチオハンター,フェラチオハンター,フェチ,500,PPV,,2025年03月02日,http://duga.jp/ppv/fellatiohunter-0184/
fellatiohunter-0185,個撮）【おねだり顔射22】敏感体質キュートな彼女,"黒髪ショートのキュートな彼女！意外とボリューミーな尻肉に興奮！照れながらAカップチッパイを披露。敏感なカラダ、可愛い反応に萌えます器用に舌を動かし乳首舐め。責め好きなのか？イキイキした表情が可愛らしいです。絶妙なバキュームと丁寧なピストン！無駄なく気持ちいい上手なフェラです。ねっとり呑みこむ濃厚ピストン！相手の反応を伺いながら献身的にフェラしてくれます。徐々にテンションが上がるピストン。金玉上がって我慢も限界！可愛いお顔にたっぷり顔射！鼻穴直撃もあってすいません。でも最高です！見た目では想像できないねっとり濃厚フェラでした。無駄のない気持ち良さ、献身的なフェラ技、そして欲望ままたっぷり顔射！至福の時間でした。",フェラチオハンター,フェラチオハンター,フェチ,500,PPV,,2025年03月09日,http://duga.jp/ppv/fellatiohunter-0185/
fellatiohunter-0186,個撮）腰が引けちゃう！金玉揉み濃厚フェラチオ,"上品美人なOLさん。均整のとれたカラダ、純白のパンティがそそります。小ぶりながらも形の良いおっぱい。感度良好！敏感なカラダに萌えまくり！舐めて微笑む艶めかしい表情！舐め顔だけでも大興奮です！「気持ちいい？」こちらの反応を伺いながら嬉しそうにフェラ！たまりません！金玉揉みながらの濃厚フェラ！ここで一気に金玉吊り上がり！綺麗なフェラ顔でじっと見つめて加速するピストン！我慢限界！大量口内発射！上品でこんな綺麗なOLさんが嬉しそうにチンポ弄り！優しくも容赦ないフェラに気持ち良すぎて腰引けまくりでした！",フェラチオハンター,フェラチオハンター,フェチ,500,PPV,,2025年03月16日,http://duga.jp/ppv/fellatiohunter-0186/
fellatiohunter-0187,個撮）色気が凄いお姉さん！【喉奥までチンポ丸呑み】,"色気がスゴイお姉さん！ムッチリとしたエロいカラダをじっくり楽しみます。Fカップの美乳！色素濃いめの乳首がなんともいやらしいです。見てくださいこの表情！責好きなのがビンビンと伝わってきます。程よいバキュームに絶妙なローリングピストン！エロいフェラ顔も必見です余裕のチンポ丸呑みピストン！喉奥までチンポを呑み込むねっとりフェラが気持ち良すぎです。加速するノーハンドピストンに我慢限界！そのままお口に大量発射！色気ムンムンのお姉さん。期待どおりのフェラテク！エロいフェラが見たい方間違いないです！",フェラチオハンター,フェラチオハンター,フェチ,500,PPV,,2025年03月23日,http://duga.jp/ppv/fellatiohunter-0187/
fellatiohunter-0188,個撮）【おねだり顔射23】Gカップ美乳お姉さん,"癒し系むっちりお姉さん。色白の柔らかいカラダを存分に味わいます。Gカップの美乳！綺麗な乳首と張りのあるおっぱい揉みまくり！幸せです。うっとりと表情で見つめて乳首舐め。責めるのが好きなお姉さんです。ひょっとこフェラ顔がエロい！絶妙なバキュームとローリングが気持ち良すぎ！亀頭集中のねっとりピストン！思わず腰が引けてしまいます。Gカップおっぱいを揉みながらフェラチオ三昧！我慢限界！大量顔射！綺麗なお顔がザーメンまみれです。癒し系のお姉さん。責めるのが好きなようで、想像以上のエロフェラ技に何度も腰が引けてしまいました。",フェラチオハンター,フェラチオハンター,フェチ,500,PPV,,2025年04月27日,http://duga.jp/ppv/fellatiohunter-0188/
fellatiohunter-0189,個撮）新人OLの副業フェラ,"初々しい新人OLさん。パリッとしたスーツに気合の入ったパンティ！素晴らしい。形の良い張りのあるおっぱい！陥没乳首に萌えます。長い舌を乳首に絡ませて！見つめる瞳が可愛すぎです！余裕のチンポ丸呑みピストン！エロ過ぎるローリングテクニックは必見です。ねっとりバキュームピストン！フェラに恍惚した表情がたまりません。イクまで止めない！高速ノーハンドフェラに我慢限界！大量口内発射！最後はお掃除フェラまでしてくれます初々しい新人OLさんの上手すぎるフェラチオテクニック！エロ過ぎるねっとりローリング技は必見です！",フェラチオハンター,フェラチオハンター,フェチ,500,PPV,,2025年05月04日,http://duga.jp/ppv/fellatiohunter-0189/
fellatiohunter-0190,個撮）癒し系Gカップ巨乳お姉さん,"オリエンタルな雰囲気の癒し系お姉さん。ムッチリしたカラダがエロいです。張りのあるGカップおっぱい！感度良好！揉みごたえ充分です。メリハリをつけた舐め技が気持ち良すぎ！癒し系とのギャップに萌えます。包み込むような絶妙バキューム！大きな瞳で見つめらてゾクゾクします！激しいピストンなのにソフトな感触。こんなフェラテクがあるんですねじっと見つめた高速ピストンフェラに我慢限界！大量口内発射！最後はお掃除フェラまでしてくれます癒し系のお姉さんの高速ピストンフェラ技！見た目とのギャップに萌えながらたっぷり口内発射！至福の時間でした。",フェラチオハンター,フェラチオハンター,フェチ,500,PPV,,2025年05月11日,http://duga.jp/ppv/fellatiohunter-0190/
fellatiohunter-0191,個撮）可愛い顔したひょっとこフェラがエロ過ぎる！,"色白美人さん。細いカラダのムッチリデカ尻に萌えます。意外と大きなEカップおっぱい！感度良好。ハリも柔らかさも申し分なし！じっと見つめて乳首をチロチロ。可愛い舐め顔に大興奮です。絶妙なバキュームでねっとりフェラチオ。ひょっとこフェラ顔もエロ過ぎます。唾液いっぱいの口内にいろんな角度でチンポを飲み込んで、あぁ気持ちいい至福の時間です。イクまで止めないノーハンドピストンに我慢限界！そのままお口に大量発射！色白デカ尻お姉さん。おっぱいも綺麗でそそるカラダです。顔が伸びちゃうぐらいのひょっとこフェラ顔がとてもエロいです。",フェラチオハンター,フェラチオハンター,フェチ,500,PPV,,2025年06月01日,http://duga.jp/ppv/fellatiohunter-0191/
fellatiohunter-0192,個撮）可愛い女オタク萌え！【大量ザーメン】,むっつりスケベな雰囲気が漂うお姉さん。スタイル抜群のカラダに興奮します。色素の薄い綺麗な乳首のEカップおっぱい。柔らかさも感度も良好です！指で乳首をつまんで刺激しながらチロチロ乳首舐め。いやらしい目つきにゾクゾクします。ひねりを加えたねっとりピストン。バキュームフェラ顔も可愛らしいです。溢れるヨダレで口内ヌルヌル！リズミカルピストンが気持ち良すぎて思わず腰が引けてしまいます。加速するピストンに我慢限界！口内発射！大量のザーメンを自らごっくん！お掃除フェラのフルコース。スケベな雰囲気ビンビンのオタクお姉さん。ヨダレたっぷりのねっとりフェラが気持ち良すぎです！最後は自らごっくん！エロいです。,フェラチオハンター,フェラチオハンター,フェチ,500,PPV,,2025年06月08日,http://duga.jp/ppv/fellatiohunter-0192/
fellatiohunter-0193,個撮）Gカップ柔乳人妻【口内発射】,"なんだかヤラシイ雰囲気の人妻さん。欲求不満なのか感度も良好です。Gカップの柔らかおっぱい！反応も良く思う存分味わいます。長い舌をねっとり絡ませ乳首舐め、見つめる表情がとてもスケベです。ひねりを加えたねっとりピストン。ヌルヌルの口内に様々な角度でジュッポリピストン。ジュボジュボとエロい音が鳴り響く！根元までチンポ丸呑みフェラは絶品です！おっぱいを揺らしながら加速するピストンに我慢限界！大量口内発射！とにかく柔らかいGカップおっぱい！人妻のエロい雰囲気にゾクゾク、ジュボジュボと鳴り響くフェラ音がとてもエロかったです。",フェラチオハンター,フェラチオハンター,フェチ,500,PPV,,2025年06月15日,http://duga.jp/ppv/fellatiohunter-0193/
fellatiohunter-0194,個撮）【おねだり顔射24】夢追う劇団女子,"個性が光る！黒髪美人さんです。色白で華奢なカラダは思わず抱きしめたくなります。主張する乳首が可愛らしい。感度良好な反応に萌えます。微笑む姿が愛らしい。チロチロ舐めたり、優しく吸ってみたり、あぁ気持ちがいい。じっと見つめてねっとりフェラ。カリを舌で転がしながら絶妙なフェラチオテクニック！相手の反応を伺いながらズッポリチンポ咥えこみ。丁寧なフェラチオが気持ち良すぎです！徐々に加速するピストンに我慢限界！興奮しすぎて初発ホームラン笑！可愛いお顔に大量ザーメン顔射！色白で黒髪ボブに萌えまくり！フェラテクも経験少なめながら才能あります。夢追う女子を汚してしまって大興奮！至福の時間でした。",フェラチオハンター,フェラチオハンター,フェチ,500,PPV,,2025年06月22日,http://duga.jp/ppv/fellatiohunter-0194/
fellatiohunter-0195,個撮）本当に可愛い！フェラチオアイドル,大きな瞳に吸い込まれそう！色白でスタイル抜群！アイドル級の可愛さです。色白のFカップ美巨乳！美しいボディラインに大興奮！感度も良好！たまりませんじっと見つめて乳首舐め！可愛すぎです。両乳首を同時にイジって、献身的なエロい彼女です。ひねりを加えたローリングピストンと絶妙なバキュームが気持ち良すぎ！可愛い顔が歪む！エロいひょっとこ顔は必見です相手の反応を確認しながら献身的なピストンフェラ徐々に加速するピストンに我慢限界！最後は美しい巨乳にザーメンぶっかけ！大きな瞳が印象的なアイドル級に可愛い彼女。美しいカラダと献身的なフェラチオ、エロいバキュームフェラ顔は必見です。,フェラチオハンター,フェラチオハンター,フェチ,500,PPV,,2025年06月29日,http://duga.jp/ppv/fellatiohunter-0195/
fellatiohunter-0196,個撮）高身長スタイル抜群お姉さん【Fカップ美巨乳】,"高身長スタイル抜群のお姉さん！しかも可愛い！極上ボディを存分に楽しみます。Fカップ美巨乳！美しいボディラインがそそります！おっぱいの柔らかさ、感度ともに申し分なし！高速ベロ舐めがエロ過ぎる！可愛い顔でじっと見つめてベロ技のギャップがたまりません絶妙なバキュームで高速ノーハンドピストン！気持ち良すぎで腰が引けてしまいます。相手の反応を確認しながら余裕の高速ピストン！ピストン持久力も素晴らしいです。加速するピストンに我慢限界！そのままお口に大量発射！最後はお掃除フェラまでしてくれます。高身長スタイル抜群！いい女です。そんな彼女の意外なフェラ技は必見！時折みせる可愛らしい表情に萌えました。",フェラチオハンター,フェラチオハンター,フェチ,500,PPV,,2025年07月06日,http://duga.jp/ppv/fellatiohunter-0196/
fellatiohunter-0197,個撮）色白ナチュラル！キュートな彼女【Fカップ】,"色白ナチュラル！可愛いです！ムッチリしたカラダの触り心地が最高です。大きな副乳発見！女体の神秘ですね。Fカップ美巨乳！ハリのあるおっぱいは揉みごたえ十分！控え目と思いきや、意外と積極的な舐め回し！見つめる視線に萌えます。絶妙なローリング！余裕のノーハンドピストンが気持ち良すぎ！横アングルで彼女のフェラ技をじっくり観察！なめらかなピストン、上手なフェラです。亀頭集中！加速するピストンに我慢限界！そのままお口に大量発射！ナチュラル系キュートな彼女！なめらかなピストンが気持ち良すぎのフェラチオ上級者でした。大きな副乳も萌えです。",フェラチオハンター,フェラチオハンター,フェチ,580,PPV,,2025年08月03日,http://duga.jp/ppv/fellatiohunter-0197/
fellatiohunter-0198,個撮）美人すぎるお姉さん【Gカップ美巨乳】,"凄い美人のお姉さん！はにかむ笑顔が可愛らしい。むっちりボディを思う存分楽しみます。迫力のGカップ美巨乳！ハリも感度も抜群です！うっとりと表情でチロチロと乳首舐め。舌の動きがとてもエロいです。メリハリのある絶妙ピストンフェラ。じっと見つめながらのフェラ技が気持ち良すぎです。相手の反応を伺いながらねっとりピストン。美人な横フェラ顔をじっくり楽しみます。イクまで止めない！見つめてノーハンドピストンに我慢限界！そのまま大量口内発射！とにかく美人のお姉さん！Gカップのおっぱいも最高です！ずっと見てられる美人フェラ顔をお楽しみ下さい。",フェラチオハンター,フェラチオハンター,フェチ,580,PPV,,2025年08月10日,http://duga.jp/ppv/fellatiohunter-0198/
fellatiohunter-0199,個撮）マゾ気ムンムンお姉さん【ねっとりスロート】,"マゾ気漂うお姉さん。真面目そうに見えて実はムッツリ！期待しちゃいます。Dカップの柔らかおっぱい！乳首を勃起させて敏感に反応します。舌先を使って柔らかくチロチロと乳首舐め。見つめる表情が可愛らしいです。バキュームフェラ顔がエロ過ぎる！ねっとり絡みつくフェラが絶品です！激しいピストンからのチンポ丸呑み！濃厚なヨダレがチンポに絡みついて気持ち良すぎ！イクまで止めない！高速ピストンフェラに我慢限界！そのまま大量口内発射。最後はお掃除フェラまでしてくれます。真面目そうに見えて、実はマゾ気たっぷりの根スケお姉さんでした。ヨダレたっぷりの丸呑みフェラは気持ち良すぎでした。",フェラチオハンター,フェラチオハンター,フェチ,580,PPV,,2025年08月17日,http://duga.jp/ppv/fellatiohunter-0199/
